no_excel,nik_ktp,nama,kolom_terisi,total_kolom,persen_terisi,catatan
2,"(TIDAK ADA NIK KTP)","(TIDAK ADA NAMA)",17,139,12.2%,"Butuh input manual: kolom terisi ≤50% (tidak di-include di SQL auto)"
3,"(TIDAK ADA NIK KTP)","(TIDAK ADA NAMA)",26,139,18.7%,"Butuh input manual: kolom terisi ≤50% (tidak di-include di SQL auto)"
24,"3505152609910001","Rezky Prayoga",64,139,46.0%,"Butuh input manual: kolom terisi ≤50% (tidak di-include di SQL auto)"
57,"3515132006980009","Umar Muhammad Zailani",62,139,44.6%,"Butuh input manual: kolom terisi ≤50% (tidak di-include di SQL auto)"
65,"3507242604010006","Muhammad Kemal Habibie",61,139,43.9%,"Butuh input manual: kolom terisi ≤50% (tidak di-include di SQL auto)"
70,"3507096904000002","Sinta Mayyukha",61,139,43.9%,"Butuh input manual: kolom terisi ≤50% (tidak di-include di SQL auto)"
73,"3507240106000001","Dimas Zubaleta G",61,139,43.9%,"Butuh input manual: kolom terisi ≤50% (tidak di-include di SQL auto)"
78,"3573012409980002","Catur Pambudi",61,139,43.9%,"Butuh input manual: kolom terisi ≤50% (tidak di-include di SQL auto)"
139,"3504042311010001","Yoga Setiawan",63,139,45.3%,"Butuh input manual: kolom terisi ≤50% (tidak di-include di SQL auto)"
140,"Tidak Diketahui","Herwin Eko Setiawan",63,139,45.3%,"Butuh input manual: kolom terisi ≤50% (tidak di-include di SQL auto)"
148,"3314060503020003","Dias Sandakila",61,139,43.9%,"Butuh input manual: kolom terisi ≤50% (tidak di-include di SQL auto)"
170,"3505192006690004","Muhajir",66,139,47.5%,"Butuh input manual: kolom terisi ≤50% (tidak di-include di SQL auto)"
193,"3507131009910001","Anton Siswanto",56,139,40.3%,"Butuh input manual: kolom terisi ≤50% (tidak di-include di SQL auto)"
215,"3573041507960008","Febrian Pangestu",60,139,43.2%,"Butuh input manual: kolom terisi ≤50% (tidak di-include di SQL auto)"
243,"6403051107830005","Sumarwan",59,139,42.4%,"Butuh input manual: kolom terisi ≤50% (tidak di-include di SQL auto)"
304,"3521101307910003","Arif Syaifuddin",49,139,35.3%,"Butuh input manual: kolom terisi ≤50% (tidak di-include di SQL auto)"
371,"6201025201990007","Vera Ufani",62,139,44.6%,"Butuh input manual: kolom terisi ≤50% (tidak di-include di SQL auto)"
410,"3505072709020001","Fahmi Zulkarnain Habib",63,139,45.3%,"Butuh input manual: kolom terisi ≤50% (tidak di-include di SQL auto)"
484,"3304010602970002","Ilham Febby Fitriano",66,139,47.5%,"Butuh input manual: kolom terisi ≤50% (tidak di-include di SQL auto)"
537,"6402160502900001","Endra Febrianata",64,139,46.0%,"Butuh input manual: kolom terisi ≤50% (tidak di-include di SQL auto)"
538,"3507130301690003","Mudji Mustofa Atmadi",64,139,46.0%,"Butuh input manual: kolom terisi ≤50% (tidak di-include di SQL auto)"
539,"6472031802820003","Ferriyadi",64,139,46.0%,"Butuh input manual: kolom terisi ≤50% (tidak di-include di SQL auto)"
540,"7602083112800024","Tahang",64,139,46.0%,"Butuh input manual: kolom terisi ≤50% (tidak di-include di SQL auto)"
541,"3573050811810003","Moch. Syamsudin El Huda",64,139,46.0%,"Butuh input manual: kolom terisi ≤50% (tidak di-include di SQL auto)"
542,"3302121809810002","Mohammad Reza Ashari",64,139,46.0%,"Butuh input manual: kolom terisi ≤50% (tidak di-include di SQL auto)"
543,"6474011203710005","Asmuni Sutranto",64,139,46.0%,"Butuh input manual: kolom terisi ≤50% (tidak di-include di SQL auto)"
544,"3507132506910003","Moch. Abd Rozaq",64,139,46.0%,"Butuh input manual: kolom terisi ≤50% (tidak di-include di SQL auto)"
545,"7316010608960002","Kurniandi",64,139,46.0%,"Butuh input manual: kolom terisi ≤50% (tidak di-include di SQL auto)"
546,"6472020607920002","Angga Indriyanto",64,139,46.0%,"Butuh input manual: kolom terisi ≤50% (tidak di-include di SQL auto)"
547,"6472051411860002","Muhammad Zainuddin",64,139,46.0%,"Butuh input manual: kolom terisi ≤50% (tidak di-include di SQL auto)"
548,"3504041805870002","Didit Sujaryanto",64,139,46.0%,"Butuh input manual: kolom terisi ≤50% (tidak di-include di SQL auto)"
549,"6472061102930005","Yuli Aris Tianto",64,139,46.0%,"Butuh input manual: kolom terisi ≤50% (tidak di-include di SQL auto)"
550,"6402152106891002","Muhammad Khoirunni'am",24,139,17.3%,"Butuh input manual: kolom terisi ≤50% (tidak di-include di SQL auto)"
605,"3325142507930001","Kumarudin",69,139,49.6%,"Butuh input manual: kolom terisi ≤50% (tidak di-include di SQL auto)"
606,"3507310207880001","Deni Hermanto",67,139,48.2%,"Butuh input manual: kolom terisi ≤50% (tidak di-include di SQL auto)"
607,"5313052212880004","Nicolous Doni Yoseph",69,139,49.6%,"Butuh input manual: kolom terisi ≤50% (tidak di-include di SQL auto)"
608,"3510020602910002","Feri Kurniawan",67,139,48.2%,"Butuh input manual: kolom terisi ≤50% (tidak di-include di SQL auto)"
609,"7318200801740002","Abd Karim",69,139,49.6%,"Butuh input manual: kolom terisi ≤50% (tidak di-include di SQL auto)"
613,"6403051505800003","Emanuel Pegan",69,139,49.6%,"Butuh input manual: kolom terisi ≤50% (tidak di-include di SQL auto)"
614,"3510070310970001","Dana Ugiy Wijaksono",69,139,49.6%,"Butuh input manual: kolom terisi ≤50% (tidak di-include di SQL auto)"
615,"3503042710000001","Febrianto",68,139,48.9%,"Butuh input manual: kolom terisi ≤50% (tidak di-include di SQL auto)"
616,"7304121009020001","Sahidil Hamzah",69,139,49.6%,"Butuh input manual: kolom terisi ≤50% (tidak di-include di SQL auto)"
618,"3515141808850004","Ismail mardika",69,139,49.6%,"Butuh input manual: kolom terisi ≤50% (tidak di-include di SQL auto)"
619,"3312251308870001","Heru Santoso",69,139,49.6%,"Butuh input manual: kolom terisi ≤50% (tidak di-include di SQL auto)"
628,"3507091002880005","Purwanto",24,139,17.3%,"Butuh input manual: kolom terisi ≤50% (tidak di-include di SQL auto)"
631,"3507310203970002","Rino Arbi Sutrisno",23,139,16.5%,"Butuh input manual: kolom terisi ≤50% (tidak di-include di SQL auto)"
636,"3311062702930001","Rahmat Danianto",23,139,16.5%,"Butuh input manual: kolom terisi ≤50% (tidak di-include di SQL auto)"
641,"3521101307910003","Arif Syaifuddin",58,139,41.7%,"Butuh input manual: kolom terisi ≤50% (tidak di-include di SQL auto)"
644,"7206121005920001","Hasim",64,139,46.0%,"Butuh input manual: kolom terisi ≤50% (tidak di-include di SQL auto)"
674,"6404010711010003","Muhammad Reza Fachrezy",24,139,17.3%,"Butuh input manual: kolom terisi ≤50% (tidak di-include di SQL auto)"
675,"3510230706770002","Yoni Sasongko",24,139,17.3%,"Butuh input manual: kolom terisi ≤50% (tidak di-include di SQL auto)"
676,"3504082903940002","Rudi Dianto",24,139,17.3%,"Butuh input manual: kolom terisi ≤50% (tidak di-include di SQL auto)"
677,"3505190106950002","Setya Widana",24,139,17.3%,"Butuh input manual: kolom terisi ≤50% (tidak di-include di SQL auto)"
678,"7602050708970002","Ekar Agusto",24,139,17.3%,"Butuh input manual: kolom terisi ≤50% (tidak di-include di SQL auto)"
679,"6404051606980003","Tantri Setia Agung S",24,139,17.3%,"Butuh input manual: kolom terisi ≤50% (tidak di-include di SQL auto)"
680,"6472022907810003","Ansharullah",24,139,17.3%,"Butuh input manual: kolom terisi ≤50% (tidak di-include di SQL auto)"
681,"7605060609060001","Syabran Kelana Putra",24,139,17.3%,"Butuh input manual: kolom terisi ≤50% (tidak di-include di SQL auto)"
688,"3514022101940003","Dedi Yusuf",25,139,18.0%,"Butuh input manual: kolom terisi ≤50% (tidak di-include di SQL auto)"
691,"3507130511760001","Hari Subagio",25,139,18.0%,"Butuh input manual: kolom terisi ≤50% (tidak di-include di SQL auto)"
692,"5301081704760001","Yance Melianus Tanu",24,139,17.3%,"Butuh input manual: kolom terisi ≤50% (tidak di-include di SQL auto)"
696,"3507202805990001","Muhammad Jurianto",25,139,18.0%,"Butuh input manual: kolom terisi ≤50% (tidak di-include di SQL auto)"
697,"6403090412860001","Muhammad Zainal Arifin",25,139,18.0%,"Butuh input manual: kolom terisi ≤50% (tidak di-include di SQL auto)"
698,"3514191608030001","Akhmad Rohmat Maulana Iksan",25,139,18.0%,"Butuh input manual: kolom terisi ≤50% (tidak di-include di SQL auto)"
699,"6403091106820003","Amit Basir",25,139,18.0%,"Butuh input manual: kolom terisi ≤50% (tidak di-include di SQL auto)"
700,"3510060205780001","Ali Furqon",25,139,18.0%,"Butuh input manual: kolom terisi ≤50% (tidak di-include di SQL auto)"
701,"1603022702010001","Abdul Aziz",25,139,18.0%,"Butuh input manual: kolom terisi ≤50% (tidak di-include di SQL auto)"
702,"1604100202780007","Andi",25,139,18.0%,"Butuh input manual: kolom terisi ≤50% (tidak di-include di SQL auto)"
703,"1603022109870002","Budi Arziansyah",25,139,18.0%,"Butuh input manual: kolom terisi ≤50% (tidak di-include di SQL auto)"
704,"1603110702950004","Febriansyah",25,139,18.0%,"Butuh input manual: kolom terisi ≤50% (tidak di-include di SQL auto)"
705,"1603021805950003","Ilham Sandino Bilaza Futra",25,139,18.0%,"Butuh input manual: kolom terisi ≤50% (tidak di-include di SQL auto)"
706,"1603020609880001","Iwandri",25,139,18.0%,"Butuh input manual: kolom terisi ≤50% (tidak di-include di SQL auto)"
707,"1611041609840002","Jhon Steki",25,139,18.0%,"Butuh input manual: kolom terisi ≤50% (tidak di-include di SQL auto)"
708,"1603070502850004","Yohanes Emanuel",25,139,18.0%,"Butuh input manual: kolom terisi ≤50% (tidak di-include di SQL auto)"
709,"3207222111800001","Joko Mulyono",25,139,18.0%,"Butuh input manual: kolom terisi ≤50% (tidak di-include di SQL auto)"
710,"3507130211950005","Aby Yoga Pratama",25,139,18.0%,"Butuh input manual: kolom terisi ≤50% (tidak di-include di SQL auto)"
711,"3507130207750010","Agus M. Said",25,139,18.0%,"Butuh input manual: kolom terisi ≤50% (tidak di-include di SQL auto)"
712,"3510060607920005","Eko Ariyanto",25,139,18.0%,"Butuh input manual: kolom terisi ≤50% (tidak di-include di SQL auto)"
713,"3316032107920001","Muhammad Baedowi",25,139,18.0%,"Butuh input manual: kolom terisi ≤50% (tidak di-include di SQL auto)"
714,"3521040605030002","Faris Pratama",25,139,18.0%,"Butuh input manual: kolom terisi ≤50% (tidak di-include di SQL auto)"
715,"3507132109020003","Septian Rizal Fami",25,139,18.0%,"Butuh input manual: kolom terisi ≤50% (tidak di-include di SQL auto)"
716,"3579020404020002","Mochammad Eko Saputro",25,139,18.0%,"Butuh input manual: kolom terisi ≤50% (tidak di-include di SQL auto)"
717,"7324051202070002","M. Fachril Ifansyah Nur",25,139,18.0%,"Butuh input manual: kolom terisi ≤50% (tidak di-include di SQL auto)"
784,"3507132004960001","Robby Budiarto",63,139,45.3%,"Butuh input manual: kolom terisi ≤50% (tidak di-include di SQL auto)"
786,"6408090707810003","Baharuddin Arif",25,139,18.0%,"Butuh input manual: kolom terisi ≤50% (tidak di-include di SQL auto)"
787,"7604041205930002","Rama",25,139,18.0%,"Butuh input manual: kolom terisi ≤50% (tidak di-include di SQL auto)"
788,"6408091805970002","Muhdiansyah",25,139,18.0%,"Butuh input manual: kolom terisi ≤50% (tidak di-include di SQL auto)"
789,"1219051206940001","Kisto Bastari Simbolon",25,139,18.0%,"Butuh input manual: kolom terisi ≤50% (tidak di-include di SQL auto)"
790,"6408090110950001","Irvan Oktarianto",25,139,18.0%,"Butuh input manual: kolom terisi ≤50% (tidak di-include di SQL auto)"
791,"7312020107930120","Edi Sutrijayadi",25,139,18.0%,"Butuh input manual: kolom terisi ≤50% (tidak di-include di SQL auto)"
792,"3318202401910002","Budi Cahyono",25,139,18.0%,"Butuh input manual: kolom terisi ≤50% (tidak di-include di SQL auto)"
793,"7204071704800003","Basri",25,139,18.0%,"Butuh input manual: kolom terisi ≤50% (tidak di-include di SQL auto)"
794,"7605034905970001","Asyuli Daud",25,139,18.0%,"Butuh input manual: kolom terisi ≤50% (tidak di-include di SQL auto)"
806,"3519041008910006","Aditya Valentino",26,139,18.7%,"Butuh input manual: kolom terisi ≤50% (tidak di-include di SQL auto)"
807,"6402022510960002","Duwi Kurniawan",26,139,18.7%,"Butuh input manual: kolom terisi ≤50% (tidak di-include di SQL auto)"
808,"6402061007860004","Juliansyah",26,139,18.7%,"Butuh input manual: kolom terisi ≤50% (tidak di-include di SQL auto)"
809,"6402021909760001","Kasiyono",26,139,18.7%,"Butuh input manual: kolom terisi ≤50% (tidak di-include di SQL auto)"
810,"6472071108810001","Juweni",26,139,18.7%,"Butuh input manual: kolom terisi ≤50% (tidak di-include di SQL auto)"
811,"6402022109860001","Muchammad Husein",26,139,18.7%,"Butuh input manual: kolom terisi ≤50% (tidak di-include di SQL auto)"
812,"6402062709920002","Eko Setiawan",26,139,18.7%,"Butuh input manual: kolom terisi ≤50% (tidak di-include di SQL auto)"
813,"6402060304940003","Umar",26,139,18.7%,"Butuh input manual: kolom terisi ≤50% (tidak di-include di SQL auto)"
814,"6402061301900002","Andi Asykari",26,139,18.7%,"Butuh input manual: kolom terisi ≤50% (tidak di-include di SQL auto)"
815,"3505162805970001","Dhimas Sasongko",26,139,18.7%,"Butuh input manual: kolom terisi ≤50% (tidak di-include di SQL auto)"
816,"3507320508890001","Arif Widodo",61,139,43.9%,"Butuh input manual: kolom terisi ≤50% (tidak di-include di SQL auto)"
831,"6305041303020002","Fathur Imansyah",54,139,38.8%,"Butuh input manual: kolom terisi ≤50% (tidak di-include di SQL auto)"
832,"3510011706940002","Muhammad Muhardhan Chan",23,139,16.5%,"Butuh input manual: kolom terisi ≤50% (tidak di-include di SQL auto)"
833,"6408042901070004","Beta Putra Herlina",68,139,48.9%,"Butuh input manual: kolom terisi ≤50% (tidak di-include di SQL auto)"
834,"6403060809060002","Muhammad Ashar",69,139,49.6%,"Butuh input manual: kolom terisi ≤50% (tidak di-include di SQL auto)"
843,"3324032503070001","Gumares Zaibafu",56,139,40.3%,"Butuh input manual: kolom terisi ≤50% (tidak di-include di SQL auto)"
855,"3573032105010006","Muhammad Miftah Nashrulah",60,139,43.2%,"Butuh input manual: kolom terisi ≤50% (tidak di-include di SQL auto)"
856,"3507134702040003","Azzahra Firdhaussy Putri",60,139,43.2%,"Butuh input manual: kolom terisi ≤50% (tidak di-include di SQL auto)"
861,"6302113112020002","Martinus Moa Magong",18,139,12.9%,"Butuh input manual: kolom terisi ≤50% (tidak di-include di SQL auto)"
863,"6310060109060005","Vendrik Venerandus Randika",18,139,12.9%,"Butuh input manual: kolom terisi ≤50% (tidak di-include di SQL auto)"
864,"1671156511960003","Widya Nugroho Adi Suprapto",18,139,12.9%,"Butuh input manual: kolom terisi ≤50% (tidak di-include di SQL auto)"
865,"6302060301040011","Muhammad Bayu Fajri",18,139,12.9%,"Butuh input manual: kolom terisi ≤50% (tidak di-include di SQL auto)"
866,"6301071301050001","Muhammad Gazali Rahman",18,139,12.9%,"Butuh input manual: kolom terisi ≤50% (tidak di-include di SQL auto)"
867,"6302181010000003","Risal Tanjung",18,139,12.9%,"Butuh input manual: kolom terisi ≤50% (tidak di-include di SQL auto)"
868,"6301021607830002","Wawan Setyawan",18,139,12.9%,"Butuh input manual: kolom terisi ≤50% (tidak di-include di SQL auto)"
869,"6310072307040002","Dika Saputra",18,139,12.9%,"Butuh input manual: kolom terisi ≤50% (tidak di-include di SQL auto)"
870,"6307010107980103","Ilyasa",18,139,12.9%,"Butuh input manual: kolom terisi ≤50% (tidak di-include di SQL auto)"
871,"6307030302950001","Gazali Rahman",18,139,12.9%,"Butuh input manual: kolom terisi ≤50% (tidak di-include di SQL auto)"
872,"7326152304840001","Daud Boro",18,139,12.9%,"Butuh input manual: kolom terisi ≤50% (tidak di-include di SQL auto)"
873,"6301061306940002","Rudi Saputra",18,139,12.9%,"Butuh input manual: kolom terisi ≤50% (tidak di-include di SQL auto)"
874,"6310040907990015","Abdul Rahman",18,139,12.9%,"Butuh input manual: kolom terisi ≤50% (tidak di-include di SQL auto)"
875,"7203310808990001","Fajrul",18,139,12.9%,"Butuh input manual: kolom terisi ≤50% (tidak di-include di SQL auto)"
876,"6310061810970001","Syaiful Aminullah",18,139,12.9%,"Butuh input manual: kolom terisi ≤50% (tidak di-include di SQL auto)"
877,"1207031106820001","Jun Roy Tarigan",18,139,12.9%,"Butuh input manual: kolom terisi ≤50% (tidak di-include di SQL auto)"
878,"7317031709900001","Jalil Jumari",18,139,12.9%,"Butuh input manual: kolom terisi ≤50% (tidak di-include di SQL auto)"
879,"3506070108820002","Rudik Hartono",18,139,12.9%,"Butuh input manual: kolom terisi ≤50% (tidak di-include di SQL auto)"
880,"3519090703000003","Muhamad Baihaqi",18,139,12.9%,"Butuh input manual: kolom terisi ≤50% (tidak di-include di SQL auto)"
884,"6310061012830001","Sulistiyanto",18,139,12.9%,"Butuh input manual: kolom terisi ≤50% (tidak di-include di SQL auto)"
885,"6302040202740002","Saiful Bahri",18,139,12.9%,"Butuh input manual: kolom terisi ≤50% (tidak di-include di SQL auto)"
887,"6303130404860001","Hermansyah",18,139,12.9%,"Butuh input manual: kolom terisi ≤50% (tidak di-include di SQL auto)"
888,"3579013010830002","Sugianto",18,139,12.9%,"Butuh input manual: kolom terisi ≤50% (tidak di-include di SQL auto)"
889,"6308041308930003","Abu Ridha",18,139,12.9%,"Butuh input manual: kolom terisi ≤50% (tidak di-include di SQL auto)"
890,"3516112301770002","Mokhammad Farid",18,139,12.9%,"Butuh input manual: kolom terisi ≤50% (tidak di-include di SQL auto)"
891,"3505151904050001","Kristian Dwi Aprianto",18,139,12.9%,"Butuh input manual: kolom terisi ≤50% (tidak di-include di SQL auto)"
893,"3505090712000004","Rizal Fajar Ramadhan",18,139,12.9%,"Butuh input manual: kolom terisi ≤50% (tidak di-include di SQL auto)"
894,"3505052909010001","Septian Windianto",18,139,12.9%,"Butuh input manual: kolom terisi ≤50% (tidak di-include di SQL auto)"
895,"3507232506030002","Anugrah Adita Diparit",18,139,12.9%,"Butuh input manual: kolom terisi ≤50% (tidak di-include di SQL auto)"
896,"6301062912940001","Piter Kurnianto",18,139,12.9%,"Butuh input manual: kolom terisi ≤50% (tidak di-include di SQL auto)"
902,"3525171302940013","Nurussyahrul Maubaroq",18,139,12.9%,"Butuh input manual: kolom terisi ≤50% (tidak di-include di SQL auto)"
912,"3514012408010002","Andre Dwi Surya Permana",65,139,46.8%,"Butuh input manual: kolom terisi ≤50% (tidak di-include di SQL auto)"
1036,"3507321702810001","Sukriadi",67,139,48.2%,"Butuh input manual: kolom terisi ≤50% (tidak di-include di SQL auto)"
1092,"3507010607810003","Dedik Susanto",68,139,48.9%,"Butuh input manual: kolom terisi ≤50% (tidak di-include di SQL auto)"
1097,"3578171806830002","Eko Wahyu Hadi Utomo",68,139,48.9%,"Butuh input manual: kolom terisi ≤50% (tidak di-include di SQL auto)"
1101,"3372050604770001","Lugiman",67,139,48.2%,"Butuh input manual: kolom terisi ≤50% (tidak di-include di SQL auto)"
1103,"3212112008770002","Marsidi",67,139,48.2%,"Butuh input manual: kolom terisi ≤50% (tidak di-include di SQL auto)"
1104,"3307072003000003","Mohammad Putra Sahaja",68,139,48.9%,"Butuh input manual: kolom terisi ≤50% (tidak di-include di SQL auto)"
1105,"3501092611800001","Rudi Dwi Haryono",69,139,49.6%,"Butuh input manual: kolom terisi ≤50% (tidak di-include di SQL auto)"
1106,"3507162905780001","Priyanto Muchtar",67,139,48.2%,"Butuh input manual: kolom terisi ≤50% (tidak di-include di SQL auto)"
1107,"7318190106850003","Paulus Jufri Parumbuan",67,139,48.2%,"Butuh input manual: kolom terisi ≤50% (tidak di-include di SQL auto)"
1108,"6472012007790005","Samadi",67,139,48.2%,"Butuh input manual: kolom terisi ≤50% (tidak di-include di SQL auto)"
1109,"3507251207030005","Reza Farezi",67,139,48.2%,"Butuh input manual: kolom terisi ≤50% (tidak di-include di SQL auto)"
1122,"3305126408980008","Indah Ayu Pratiwi",68,139,48.9%,"Butuh input manual: kolom terisi ≤50% (tidak di-include di SQL auto)"
1123,"3505050709020001","Gilang Nur Fadilah",68,139,48.9%,"Butuh input manual: kolom terisi ≤50% (tidak di-include di SQL auto)"
1124,"7203080210040006","Aldhy Prayoga",68,139,48.9%,"Butuh input manual: kolom terisi ≤50% (tidak di-include di SQL auto)"
1125,"7271061212010001","Moh. Ilham",67,139,48.2%,"Butuh input manual: kolom terisi ≤50% (tidak di-include di SQL auto)"
1130,"7271030202000005","Febri Budianto",67,139,48.2%,"Butuh input manual: kolom terisi ≤50% (tidak di-include di SQL auto)"
1131,"3306051611990001","Ridwan Fajariyanto",68,139,48.9%,"Butuh input manual: kolom terisi ≤50% (tidak di-include di SQL auto)"
1276,"3505220802000001","Febri Putra Wibowo",65,139,46.8%,"Butuh input manual: kolom terisi ≤50% (tidak di-include di SQL auto)"
1305,"6474010404000007","Ali Mustofa",60,139,43.2%,"Butuh input manual: kolom terisi ≤50% (tidak di-include di SQL auto)"
1306,"6474032512700002","Natan",60,139,43.2%,"Butuh input manual: kolom terisi ≤50% (tidak di-include di SQL auto)"
1307,"6474023007820002","Andi Jamaluddin",60,139,43.2%,"Butuh input manual: kolom terisi ≤50% (tidak di-include di SQL auto)"
1308,"6474021911880003","Alias",60,139,43.2%,"Butuh input manual: kolom terisi ≤50% (tidak di-include di SQL auto)"
1309,"6471031902920003","Abi Dzar Rachman",60,139,43.2%,"Butuh input manual: kolom terisi ≤50% (tidak di-include di SQL auto)"
1310,"6474011110750003","Rahmat",60,139,43.2%,"Butuh input manual: kolom terisi ≤50% (tidak di-include di SQL auto)"
1311,"6408132412940004","Jumardi",60,139,43.2%,"Butuh input manual: kolom terisi ≤50% (tidak di-include di SQL auto)"
1312,"6408130410930001","Anggi Putra Prayoga",60,139,43.2%,"Butuh input manual: kolom terisi ≤50% (tidak di-include di SQL auto)"
1313,"6474020605710001","Mochamad Saechoni",60,139,43.2%,"Butuh input manual: kolom terisi ≤50% (tidak di-include di SQL auto)"
1314,"7604039905700005","Muchsin Laebu",60,139,43.2%,"Butuh input manual: kolom terisi ≤50% (tidak di-include di SQL auto)"
1315,"6474012011730009","Abdul Elik Efendi",60,139,43.2%,"Butuh input manual: kolom terisi ≤50% (tidak di-include di SQL auto)"
1316,"6474021005850008","Rusman",60,139,43.2%,"Butuh input manual: kolom terisi ≤50% (tidak di-include di SQL auto)"
1317,"3510031807020005","Gumilang Varel Rheynaldo",60,139,43.2%,"Butuh input manual: kolom terisi ≤50% (tidak di-include di SQL auto)"
1318,"7271020102890005","Muhadi",60,139,43.2%,"Butuh input manual: kolom terisi ≤50% (tidak di-include di SQL auto)"
1319,"6474010512730002","Herman",60,139,43.2%,"Butuh input manual: kolom terisi ≤50% (tidak di-include di SQL auto)"
1320,"6408131303000001","Eko Setiono",60,139,43.2%,"Butuh input manual: kolom terisi ≤50% (tidak di-include di SQL auto)"
1321,"3573011012000002","Firman Rohmandhani",60,139,43.2%,"Butuh input manual: kolom terisi ≤50% (tidak di-include di SQL auto)"
1355,"3521061302990001","Ilham Langgeng Kusuma",68,139,48.9%,"Butuh input manual: kolom terisi ≤50% (tidak di-include di SQL auto)"
1358,"3507240309910008","Khoiron Hanafi",69,139,49.6%,"Butuh input manual: kolom terisi ≤50% (tidak di-include di SQL auto)"
1359,"3326100212020004","Hendri Wulannoto",69,139,49.6%,"Butuh input manual: kolom terisi ≤50% (tidak di-include di SQL auto)"
1360,"3507071008950002","Nicko Bagus Kurniawan",69,139,49.6%,"Butuh input manual: kolom terisi ≤50% (tidak di-include di SQL auto)"
1387,"6372052106950001","Stabita Adnan Falahi",17,139,12.2%,"Butuh input manual: kolom terisi ≤50% (tidak di-include di SQL auto)"
1388,"7372020103980002","Aswandi",60,139,43.2%,"Butuh input manual: kolom terisi ≤50% (tidak di-include di SQL auto)"
1389,"3507120302060001","Alwi Sultoni Aziz",52,139,37.4%,"Butuh input manual: kolom terisi ≤50% (tidak di-include di SQL auto)"
1390,"6402062601960003","Muhammad Bayu Arniadani YK",52,139,37.4%,"Butuh input manual: kolom terisi ≤50% (tidak di-include di SQL auto)"
1391,"3505141506990001","Haris Istiawan",52,139,37.4%,"Butuh input manual: kolom terisi ≤50% (tidak di-include di SQL auto)"
1392,"3304051610040003","Anggi Efendi",52,139,37.4%,"Butuh input manual: kolom terisi ≤50% (tidak di-include di SQL auto)"
1393,"6402020202010001","Andi Ferdiansyah",19,139,13.7%,"Butuh input manual: kolom terisi ≤50% (tidak di-include di SQL auto)"
1394,"3504021609030006","Guntur Satriyo",19,139,13.7%,"Butuh input manual: kolom terisi ≤50% (tidak di-include di SQL auto)"
1395,"6472030307810004","Winardi",19,139,13.7%,"Butuh input manual: kolom terisi ≤50% (tidak di-include di SQL auto)"
1396,"6402060504860004","Dody Mariyono",19,139,13.7%,"Butuh input manual: kolom terisi ≤50% (tidak di-include di SQL auto)"
1397,"6402062303970007","Igo Prastiyo",19,139,13.7%,"Butuh input manual: kolom terisi ≤50% (tidak di-include di SQL auto)"
1398,"6402160901000001","Arya Mahendra",19,139,13.7%,"Butuh input manual: kolom terisi ≤50% (tidak di-include di SQL auto)"
1399,"3507322302970001","Feri Setyo Wahyudi",19,139,13.7%,"Butuh input manual: kolom terisi ≤50% (tidak di-include di SQL auto)"
1400,"6402160901000001","Arya Mahendra",19,139,13.7%,"Butuh input manual: kolom terisi ≤50% (tidak di-include di SQL auto)"
1401,"3507322302970001","Feri Setyo Wahyudi",19,139,13.7%,"Butuh input manual: kolom terisi ≤50% (tidak di-include di SQL auto)"
1402,"6402062110840004","Abdul Kholiq",19,139,13.7%,"Butuh input manual: kolom terisi ≤50% (tidak di-include di SQL auto)"
1403,"6402061705950006","Chandra",19,139,13.7%,"Butuh input manual: kolom terisi ≤50% (tidak di-include di SQL auto)"
1404,"3520102801980001","Febri Eko Suparjo",19,139,13.7%,"Butuh input manual: kolom terisi ≤50% (tidak di-include di SQL auto)"
1405,"3506040311050001","Aidiel Naovaleza Setiawan",19,139,13.7%,"Butuh input manual: kolom terisi ≤50% (tidak di-include di SQL auto)"
1406,"6472050801720005","Edi Purwantoro",19,139,13.7%,"Butuh input manual: kolom terisi ≤50% (tidak di-include di SQL auto)"
1407,"3507302103940005","Eko Luky Erfanto",19,139,13.7%,"Butuh input manual: kolom terisi ≤50% (tidak di-include di SQL auto)"
1408,"6402021005760011","Marsudi (B)",19,139,13.7%,"Butuh input manual: kolom terisi ≤50% (tidak di-include di SQL auto)"
1409,"3308200911850004","Muhammad Ainun Najib",19,139,13.7%,"Butuh input manual: kolom terisi ≤50% (tidak di-include di SQL auto)"
1410,"6402161404710003","Sugianto (B)",19,139,13.7%,"Butuh input manual: kolom terisi ≤50% (tidak di-include di SQL auto)"
1411,"3507322112990002","M. Yofan Muklis",19,139,13.7%,"Butuh input manual: kolom terisi ≤50% (tidak di-include di SQL auto)"
1412,"3507132108950002","Tri Moch Irpan",19,139,13.7%,"Butuh input manual: kolom terisi ≤50% (tidak di-include di SQL auto)"
1413,"3507122002890001","Budi Wibowo",19,139,13.7%,"Butuh input manual: kolom terisi ≤50% (tidak di-include di SQL auto)"
1414,"3515152310830002","Apit Fidianto",19,139,13.7%,"Butuh input manual: kolom terisi ≤50% (tidak di-include di SQL auto)"
1415,"3304112908820003","Wiwit Nurrohman",19,139,13.7%,"Butuh input manual: kolom terisi ≤50% (tidak di-include di SQL auto)"
1432,"3505162804890003","Pujianto",19,139,13.7%,"Butuh input manual: kolom terisi ≤50% (tidak di-include di SQL auto)"
1433,"3507110509860003","Irawan",19,139,13.7%,"Butuh input manual: kolom terisi ≤50% (tidak di-include di SQL auto)"
1434,"3376031107930001","Faizal Zulkarnain",19,139,13.7%,"Butuh input manual: kolom terisi ≤50% (tidak di-include di SQL auto)"
1435,"3302140608900001","Kharisma Agus Syefudin",19,139,13.7%,"Butuh input manual: kolom terisi ≤50% (tidak di-include di SQL auto)"
1436,"3507113105980001","Mulyo Dwi Prastiyo",19,139,13.7%,"Butuh input manual: kolom terisi ≤50% (tidak di-include di SQL auto)"
1437,"3507022405870001","Dedy Hardianto",19,139,13.7%,"Butuh input manual: kolom terisi ≤50% (tidak di-include di SQL auto)"
1438,"3507090706010002","Maulana Muhammad Rafli Firmansyah",19,139,13.7%,"Butuh input manual: kolom terisi ≤50% (tidak di-include di SQL auto)"
1439,"3507312809050001","Risky Dharmawan",19,139,13.7%,"Butuh input manual: kolom terisi ≤50% (tidak di-include di SQL auto)"
1440,"3507131609040001","Mochammad Arifin",19,139,13.7%,"Butuh input manual: kolom terisi ≤50% (tidak di-include di SQL auto)"
1441,"3507101205070002","Ahmad Roihan",19,139,13.7%,"Butuh input manual: kolom terisi ≤50% (tidak di-include di SQL auto)"
1442,"3507202603970001","Antok Sunanto",19,139,13.7%,"Butuh input manual: kolom terisi ≤50% (tidak di-include di SQL auto)"
1444,"6310040306010007","Azhar",19,139,13.7%,"Butuh input manual: kolom terisi ≤50% (tidak di-include di SQL auto)"
1445,"1608070309010001","Azis Nur Aldi",19,139,13.7%,"Butuh input manual: kolom terisi ≤50% (tidak di-include di SQL auto)"
1446,"3515181806070001","Ahmad Fakhri Al Farras",19,139,13.7%,"Butuh input manual: kolom terisi ≤50% (tidak di-include di SQL auto)"
1447,"6310050908050001","Alvin Dwi Risky Falah",19,139,13.7%,"Butuh input manual: kolom terisi ≤50% (tidak di-include di SQL auto)"
1448,"6310060107020013","Muhammad Agus Sofian",19,139,13.7%,"Butuh input manual: kolom terisi ≤50% (tidak di-include di SQL auto)"
1449,"6310032108010001","Ahmad Bagus Saputra",19,139,13.7%,"Butuh input manual: kolom terisi ≤50% (tidak di-include di SQL auto)"
1450,"6310060808710002","Ahmad Jubakir",19,139,13.7%,"Butuh input manual: kolom terisi ≤50% (tidak di-include di SQL auto)"
1451,"6310060407060002","Muhammad Rifki Wardani",19,139,13.7%,"Butuh input manual: kolom terisi ≤50% (tidak di-include di SQL auto)"
1452,"6310021807990002","Idris Husaini",19,139,13.7%,"Butuh input manual: kolom terisi ≤50% (tidak di-include di SQL auto)"
1453,"6301090404990003","Dicky Yoga Sinahan",19,139,13.7%,"Butuh input manual: kolom terisi ≤50% (tidak di-include di SQL auto)"
1454,"3507130208020004","Chrysler Arjuna Pranata",19,139,13.7%,"Butuh input manual: kolom terisi ≤50% (tidak di-include di SQL auto)"
1456,"3508212308860002","Agus Siswanto",19,139,13.7%,"Butuh input manual: kolom terisi ≤50% (tidak di-include di SQL auto)"
1457,"3519010501880003","Dadip",19,139,13.7%,"Butuh input manual: kolom terisi ≤50% (tidak di-include di SQL auto)"
1458,"3507261011010001","Abif Ilham Maulana Wibisono",19,139,13.7%,"Butuh input manual: kolom terisi ≤50% (tidak di-include di SQL auto)"
1459,"3507112108010001","Pandhu Awan Gumelar",19,139,13.7%,"Butuh input manual: kolom terisi ≤50% (tidak di-include di SQL auto)"
1460,"3507051405990002","Diki Andreas Yudatama",68,139,48.9%,"Butuh input manual: kolom terisi ≤50% (tidak di-include di SQL auto)"
1461,"1210142109930002","Noval Kriston Siregar",19,139,13.7%,"Butuh input manual: kolom terisi ≤50% (tidak di-include di SQL auto)"
1462,"1604230106820004","Efryanto",19,139,13.7%,"Butuh input manual: kolom terisi ≤50% (tidak di-include di SQL auto)"
1463,"3505091807000001","Arya Budi Kurniawan",19,139,13.7%,"Butuh input manual: kolom terisi ≤50% (tidak di-include di SQL auto)"
1464,"3503132312980002","Mohammad Bahrodin Wahid",18,139,12.9%,"Butuh input manual: kolom terisi ≤50% (tidak di-include di SQL auto)"
1465,"3216090606980010","Rizky Abdus Salam",19,139,13.7%,"Butuh input manual: kolom terisi ≤50% (tidak di-include di SQL auto)"
1474,"6306081107990001","Akhmad Budiansyah",18,139,12.9%,"Butuh input manual: kolom terisi ≤50% (tidak di-include di SQL auto)"
1475,"3271061910830011","Wawan Hermanto",18,139,12.9%,"Butuh input manual: kolom terisi ≤50% (tidak di-include di SQL auto)"
1493,"3507135010010003","Amalia Oktavianti",65,139,46.8%,"Butuh input manual: kolom terisi ≤50% (tidak di-include di SQL auto)"
1494,"3507024908010002","Khoirun Nisa",65,139,46.8%,"Butuh input manual: kolom terisi ≤50% (tidak di-include di SQL auto)"
1521,"6306021008770002","A. Hamsani",18,139,12.9%,"Butuh input manual: kolom terisi ≤50% (tidak di-include di SQL auto)"
1522,"3507131905990004","Mohamad Safaras Zulhilmi",18,139,12.9%,"Butuh input manual: kolom terisi ≤50% (tidak di-include di SQL auto)"
1523,"6304160609000009","Trisna Aditya",18,139,12.9%,"Butuh input manual: kolom terisi ≤50% (tidak di-include di SQL auto)"
1524,"3507090810070003","Khoirul Anwar Gufron",18,139,12.9%,"Butuh input manual: kolom terisi ≤50% (tidak di-include di SQL auto)"
1525,"3507311407980001","Aditya Bakir Eka Prastya",18,139,12.9%,"Butuh input manual: kolom terisi ≤50% (tidak di-include di SQL auto)"
1526,"6303051607780006","Sabrianor",18,139,12.9%,"Butuh input manual: kolom terisi ≤50% (tidak di-include di SQL auto)"
1531,"3507051507750008","Moch Kurdi",18,139,12.9%,"Butuh input manual: kolom terisi ≤50% (tidak di-include di SQL auto)"
1532,"3301062905940003","Arif Budiono",18,139,12.9%,"Butuh input manual: kolom terisi ≤50% (tidak di-include di SQL auto)"
1534,"3507182805010003","Giffari Alham Fawwas",65,139,46.8%,"Butuh input manual: kolom terisi ≤50% (tidak di-include di SQL auto)"
1535,"3573011512980007","Mohammad Dedy Kurniawan",65,139,46.8%,"Butuh input manual: kolom terisi ≤50% (tidak di-include di SQL auto)"
1536,"3507132102030006","Afif Dyky Setiawan",63,139,45.3%,"Butuh input manual: kolom terisi ≤50% (tidak di-include di SQL auto)"
1543,"1509022105970005","Abdillah Albaiti",17,139,12.2%,"Butuh input manual: kolom terisi ≤50% (tidak di-include di SQL auto)"
1544,"1604091205860002","Adiansyah",17,139,12.2%,"Butuh input manual: kolom terisi ≤50% (tidak di-include di SQL auto)"
1564,"1115020107970112","Taufiq",17,139,12.2%,"Butuh input manual: kolom terisi ≤50% (tidak di-include di SQL auto)"
1565,"3517181107010003","Bayu Raka Krisna",18,139,12.9%,"Butuh input manual: kolom terisi ≤50% (tidak di-include di SQL auto)"
1566,"1603032610010001","Frizal Andreas Butar-Butar",18,139,12.9%,"Butuh input manual: kolom terisi ≤50% (tidak di-include di SQL auto)"
1567,"3507120112040001","Muhammad Alvio Risandanu",18,139,12.9%,"Butuh input manual: kolom terisi ≤50% (tidak di-include di SQL auto)"
1568,"3573012812040001","Mochamad wisnu",18,139,12.9%,"Butuh input manual: kolom terisi ≤50% (tidak di-include di SQL auto)"
1569,"3507041610000001","Muhammad Tabri",18,139,12.9%,"Butuh input manual: kolom terisi ≤50% (tidak di-include di SQL auto)"
1570,"3509111111910014","Dwi Cahyono",18,139,12.9%,"Butuh input manual: kolom terisi ≤50% (tidak di-include di SQL auto)"
1571,"3520082804950002","Budiono",18,139,12.9%,"Butuh input manual: kolom terisi ≤50% (tidak di-include di SQL auto)"
1572,"3514122110860001","Kuswanto",18,139,12.9%,"Butuh input manual: kolom terisi ≤50% (tidak di-include di SQL auto)"
1573,"3505022206910004","Anfaun Bahrul Ulum",18,139,12.9%,"Butuh input manual: kolom terisi ≤50% (tidak di-include di SQL auto)"
1574,"3507131209040004","Septyan Yoga Pratama",17,139,12.2%,"Butuh input manual: kolom terisi ≤50% (tidak di-include di SQL auto)"
1575,"1603071009060001","Choiril Septriyan",17,139,12.2%,"Butuh input manual: kolom terisi ≤50% (tidak di-include di SQL auto)"
1576,"1603151601890001","Hendra Toyib",17,139,12.2%,"Butuh input manual: kolom terisi ≤50% (tidak di-include di SQL auto)"
1577,"1607051705950003","Bobby Andrian",17,139,12.2%,"Butuh input manual: kolom terisi ≤50% (tidak di-include di SQL auto)"
1578,"1604090511970001","Andi Anwari",17,139,12.2%,"Butuh input manual: kolom terisi ≤50% (tidak di-include di SQL auto)"
1579,"1202091111880005","Ginnang Satrio Manalu",17,139,12.2%,"Butuh input manual: kolom terisi ≤50% (tidak di-include di SQL auto)"
1580,"1671142107960004","Muhammad Ricky Norida",17,139,12.2%,"Butuh input manual: kolom terisi ≤50% (tidak di-include di SQL auto)"
1581,"1603121312960001","Agum Gumelar",17,139,12.2%,"Butuh input manual: kolom terisi ≤50% (tidak di-include di SQL auto)"
1582,"1601201103040001","Deni Arianto",17,139,12.2%,"Butuh input manual: kolom terisi ≤50% (tidak di-include di SQL auto)"
1583,"(TIDAK ADA NIK KTP)","(TIDAK ADA NAMA)",0,139,0.0%,"Butuh input manual: kolom terisi ≤50% (tidak di-include di SQL auto)"
1584,"(TIDAK ADA NIK KTP)","(TIDAK ADA NAMA)",0,139,0.0%,"Butuh input manual: kolom terisi ≤50% (tidak di-include di SQL auto)"
1585,"(TIDAK ADA NIK KTP)","(TIDAK ADA NAMA)",0,139,0.0%,"Butuh input manual: kolom terisi ≤50% (tidak di-include di SQL auto)"
1586,"(TIDAK ADA NIK KTP)","(TIDAK ADA NAMA)",0,139,0.0%,"Butuh input manual: kolom terisi ≤50% (tidak di-include di SQL auto)"
1587,"(TIDAK ADA NIK KTP)","(TIDAK ADA NAMA)",0,139,0.0%,"Butuh input manual: kolom terisi ≤50% (tidak di-include di SQL auto)"
1588,"(TIDAK ADA NIK KTP)","(TIDAK ADA NAMA)",0,139,0.0%,"Butuh input manual: kolom terisi ≤50% (tidak di-include di SQL auto)"
1589,"(TIDAK ADA NIK KTP)","(TIDAK ADA NAMA)",0,139,0.0%,"Butuh input manual: kolom terisi ≤50% (tidak di-include di SQL auto)"
1590,"(TIDAK ADA NIK KTP)","(TIDAK ADA NAMA)",0,139,0.0%,"Butuh input manual: kolom terisi ≤50% (tidak di-include di SQL auto)"
1591,"(TIDAK ADA NIK KTP)","(TIDAK ADA NAMA)",0,139,0.0%,"Butuh input manual: kolom terisi ≤50% (tidak di-include di SQL auto)"
1592,"(TIDAK ADA NIK KTP)","(TIDAK ADA NAMA)",0,139,0.0%,"Butuh input manual: kolom terisi ≤50% (tidak di-include di SQL auto)"
1593,"(TIDAK ADA NIK KTP)","(TIDAK ADA NAMA)",0,139,0.0%,"Butuh input manual: kolom terisi ≤50% (tidak di-include di SQL auto)"
1594,"(TIDAK ADA NIK KTP)","(TIDAK ADA NAMA)",0,139,0.0%,"Butuh input manual: kolom terisi ≤50% (tidak di-include di SQL auto)"
1595,"(TIDAK ADA NIK KTP)","(TIDAK ADA NAMA)",0,139,0.0%,"Butuh input manual: kolom terisi ≤50% (tidak di-include di SQL auto)"
1596,"(TIDAK ADA NIK KTP)","(TIDAK ADA NAMA)",0,139,0.0%,"Butuh input manual: kolom terisi ≤50% (tidak di-include di SQL auto)"
1597,"(TIDAK ADA NIK KTP)","(TIDAK ADA NAMA)",0,139,0.0%,"Butuh input manual: kolom terisi ≤50% (tidak di-include di SQL auto)"
1598,"(TIDAK ADA NIK KTP)","(TIDAK ADA NAMA)",0,139,0.0%,"Butuh input manual: kolom terisi ≤50% (tidak di-include di SQL auto)"
1599,"(TIDAK ADA NIK KTP)","(TIDAK ADA NAMA)",0,139,0.0%,"Butuh input manual: kolom terisi ≤50% (tidak di-include di SQL auto)"
1600,"(TIDAK ADA NIK KTP)","(TIDAK ADA NAMA)",0,139,0.0%,"Butuh input manual: kolom terisi ≤50% (tidak di-include di SQL auto)"
1601,"(TIDAK ADA NIK KTP)","(TIDAK ADA NAMA)",0,139,0.0%,"Butuh input manual: kolom terisi ≤50% (tidak di-include di SQL auto)"
1602,"(TIDAK ADA NIK KTP)","(TIDAK ADA NAMA)",0,139,0.0%,"Butuh input manual: kolom terisi ≤50% (tidak di-include di SQL auto)"
1603,"(TIDAK ADA NIK KTP)","(TIDAK ADA NAMA)",0,139,0.0%,"Butuh input manual: kolom terisi ≤50% (tidak di-include di SQL auto)"
1604,"(TIDAK ADA NIK KTP)","(TIDAK ADA NAMA)",0,139,0.0%,"Butuh input manual: kolom terisi ≤50% (tidak di-include di SQL auto)"
1605,"(TIDAK ADA NIK KTP)","(TIDAK ADA NAMA)",0,139,0.0%,"Butuh input manual: kolom terisi ≤50% (tidak di-include di SQL auto)"
1606,"(TIDAK ADA NIK KTP)","(TIDAK ADA NAMA)",0,139,0.0%,"Butuh input manual: kolom terisi ≤50% (tidak di-include di SQL auto)"
1607,"(TIDAK ADA NIK KTP)","(TIDAK ADA NAMA)",0,139,0.0%,"Butuh input manual: kolom terisi ≤50% (tidak di-include di SQL auto)"
1608,"(TIDAK ADA NIK KTP)","(TIDAK ADA NAMA)",0,139,0.0%,"Butuh input manual: kolom terisi ≤50% (tidak di-include di SQL auto)"
1609,"(TIDAK ADA NIK KTP)","(TIDAK ADA NAMA)",0,139,0.0%,"Butuh input manual: kolom terisi ≤50% (tidak di-include di SQL auto)"
1610,"(TIDAK ADA NIK KTP)","(TIDAK ADA NAMA)",0,139,0.0%,"Butuh input manual: kolom terisi ≤50% (tidak di-include di SQL auto)"
1611,"(TIDAK ADA NIK KTP)","(TIDAK ADA NAMA)",0,139,0.0%,"Butuh input manual: kolom terisi ≤50% (tidak di-include di SQL auto)"
1612,"(TIDAK ADA NIK KTP)","(TIDAK ADA NAMA)",0,139,0.0%,"Butuh input manual: kolom terisi ≤50% (tidak di-include di SQL auto)"
1613,"(TIDAK ADA NIK KTP)","(TIDAK ADA NAMA)",0,139,0.0%,"Butuh input manual: kolom terisi ≤50% (tidak di-include di SQL auto)"
1614,"(TIDAK ADA NIK KTP)","(TIDAK ADA NAMA)",0,139,0.0%,"Butuh input manual: kolom terisi ≤50% (tidak di-include di SQL auto)"
1615,"(TIDAK ADA NIK KTP)","(TIDAK ADA NAMA)",0,139,0.0%,"Butuh input manual: kolom terisi ≤50% (tidak di-include di SQL auto)"
1616,"(TIDAK ADA NIK KTP)","(TIDAK ADA NAMA)",0,139,0.0%,"Butuh input manual: kolom terisi ≤50% (tidak di-include di SQL auto)"
1617,"(TIDAK ADA NIK KTP)","(TIDAK ADA NAMA)",0,139,0.0%,"Butuh input manual: kolom terisi ≤50% (tidak di-include di SQL auto)"
1618,"(TIDAK ADA NIK KTP)","(TIDAK ADA NAMA)",0,139,0.0%,"Butuh input manual: kolom terisi ≤50% (tidak di-include di SQL auto)"
1619,"(TIDAK ADA NIK KTP)","(TIDAK ADA NAMA)",0,139,0.0%,"Butuh input manual: kolom terisi ≤50% (tidak di-include di SQL auto)"
1620,"(TIDAK ADA NIK KTP)","(TIDAK ADA NAMA)",0,139,0.0%,"Butuh input manual: kolom terisi ≤50% (tidak di-include di SQL auto)"
1621,"(TIDAK ADA NIK KTP)","(TIDAK ADA NAMA)",0,139,0.0%,"Butuh input manual: kolom terisi ≤50% (tidak di-include di SQL auto)"
1622,"(TIDAK ADA NIK KTP)","(TIDAK ADA NAMA)",0,139,0.0%,"Butuh input manual: kolom terisi ≤50% (tidak di-include di SQL auto)"
1623,"(TIDAK ADA NIK KTP)","(TIDAK ADA NAMA)",0,139,0.0%,"Butuh input manual: kolom terisi ≤50% (tidak di-include di SQL auto)"
1624,"(TIDAK ADA NIK KTP)","(TIDAK ADA NAMA)",0,139,0.0%,"Butuh input manual: kolom terisi ≤50% (tidak di-include di SQL auto)"
1625,"(TIDAK ADA NIK KTP)","(TIDAK ADA NAMA)",0,139,0.0%,"Butuh input manual: kolom terisi ≤50% (tidak di-include di SQL auto)"
1626,"(TIDAK ADA NIK KTP)","(TIDAK ADA NAMA)",0,139,0.0%,"Butuh input manual: kolom terisi ≤50% (tidak di-include di SQL auto)"
1627,"(TIDAK ADA NIK KTP)","(TIDAK ADA NAMA)",0,139,0.0%,"Butuh input manual: kolom terisi ≤50% (tidak di-include di SQL auto)"
1628,"(TIDAK ADA NIK KTP)","(TIDAK ADA NAMA)",0,139,0.0%,"Butuh input manual: kolom terisi ≤50% (tidak di-include di SQL auto)"
1629,"(TIDAK ADA NIK KTP)","(TIDAK ADA NAMA)",0,139,0.0%,"Butuh input manual: kolom terisi ≤50% (tidak di-include di SQL auto)"
1630,"(TIDAK ADA NIK KTP)","(TIDAK ADA NAMA)",0,139,0.0%,"Butuh input manual: kolom terisi ≤50% (tidak di-include di SQL auto)"
1631,"(TIDAK ADA NIK KTP)","(TIDAK ADA NAMA)",0,139,0.0%,"Butuh input manual: kolom terisi ≤50% (tidak di-include di SQL auto)"
1632,"(TIDAK ADA NIK KTP)","(TIDAK ADA NAMA)",0,139,0.0%,"Butuh input manual: kolom terisi ≤50% (tidak di-include di SQL auto)"
1633,"(TIDAK ADA NIK KTP)","(TIDAK ADA NAMA)",0,139,0.0%,"Butuh input manual: kolom terisi ≤50% (tidak di-include di SQL auto)"
1634,"(TIDAK ADA NIK KTP)","(TIDAK ADA NAMA)",0,139,0.0%,"Butuh input manual: kolom terisi ≤50% (tidak di-include di SQL auto)"
1635,"(TIDAK ADA NIK KTP)","(TIDAK ADA NAMA)",0,139,0.0%,"Butuh input manual: kolom terisi ≤50% (tidak di-include di SQL auto)"
1636,"(TIDAK ADA NIK KTP)","(TIDAK ADA NAMA)",0,139,0.0%,"Butuh input manual: kolom terisi ≤50% (tidak di-include di SQL auto)"
1637,"(TIDAK ADA NIK KTP)","(TIDAK ADA NAMA)",0,139,0.0%,"Butuh input manual: kolom terisi ≤50% (tidak di-include di SQL auto)"
1638,"(TIDAK ADA NIK KTP)","(TIDAK ADA NAMA)",0,139,0.0%,"Butuh input manual: kolom terisi ≤50% (tidak di-include di SQL auto)"
1639,"(TIDAK ADA NIK KTP)","(TIDAK ADA NAMA)",0,139,0.0%,"Butuh input manual: kolom terisi ≤50% (tidak di-include di SQL auto)"
1640,"(TIDAK ADA NIK KTP)","(TIDAK ADA NAMA)",0,139,0.0%,"Butuh input manual: kolom terisi ≤50% (tidak di-include di SQL auto)"
1641,"(TIDAK ADA NIK KTP)","(TIDAK ADA NAMA)",0,139,0.0%,"Butuh input manual: kolom terisi ≤50% (tidak di-include di SQL auto)"
1642,"(TIDAK ADA NIK KTP)","(TIDAK ADA NAMA)",0,139,0.0%,"Butuh input manual: kolom terisi ≤50% (tidak di-include di SQL auto)"
1643,"(TIDAK ADA NIK KTP)","(TIDAK ADA NAMA)",0,139,0.0%,"Butuh input manual: kolom terisi ≤50% (tidak di-include di SQL auto)"
1644,"(TIDAK ADA NIK KTP)","(TIDAK ADA NAMA)",0,139,0.0%,"Butuh input manual: kolom terisi ≤50% (tidak di-include di SQL auto)"
1645,"(TIDAK ADA NIK KTP)","(TIDAK ADA NAMA)",0,139,0.0%,"Butuh input manual: kolom terisi ≤50% (tidak di-include di SQL auto)"
1646,"(TIDAK ADA NIK KTP)","(TIDAK ADA NAMA)",0,139,0.0%,"Butuh input manual: kolom terisi ≤50% (tidak di-include di SQL auto)"
1647,"(TIDAK ADA NIK KTP)","(TIDAK ADA NAMA)",0,139,0.0%,"Butuh input manual: kolom terisi ≤50% (tidak di-include di SQL auto)"
1648,"(TIDAK ADA NIK KTP)","(TIDAK ADA NAMA)",0,139,0.0%,"Butuh input manual: kolom terisi ≤50% (tidak di-include di SQL auto)"
1649,"(TIDAK ADA NIK KTP)","(TIDAK ADA NAMA)",0,139,0.0%,"Butuh input manual: kolom terisi ≤50% (tidak di-include di SQL auto)"
1650,"(TIDAK ADA NIK KTP)","(TIDAK ADA NAMA)",0,139,0.0%,"Butuh input manual: kolom terisi ≤50% (tidak di-include di SQL auto)"
1651,"(TIDAK ADA NIK KTP)","(TIDAK ADA NAMA)",0,139,0.0%,"Butuh input manual: kolom terisi ≤50% (tidak di-include di SQL auto)"
1652,"(TIDAK ADA NIK KTP)","(TIDAK ADA NAMA)",0,139,0.0%,"Butuh input manual: kolom terisi ≤50% (tidak di-include di SQL auto)"
1653,"(TIDAK ADA NIK KTP)","(TIDAK ADA NAMA)",0,139,0.0%,"Butuh input manual: kolom terisi ≤50% (tidak di-include di SQL auto)"
1654,"(TIDAK ADA NIK KTP)","(TIDAK ADA NAMA)",0,139,0.0%,"Butuh input manual: kolom terisi ≤50% (tidak di-include di SQL auto)"
1655,"(TIDAK ADA NIK KTP)","(TIDAK ADA NAMA)",0,139,0.0%,"Butuh input manual: kolom terisi ≤50% (tidak di-include di SQL auto)"
1656,"(TIDAK ADA NIK KTP)","(TIDAK ADA NAMA)",0,139,0.0%,"Butuh input manual: kolom terisi ≤50% (tidak di-include di SQL auto)"
1657,"(TIDAK ADA NIK KTP)","(TIDAK ADA NAMA)",0,139,0.0%,"Butuh input manual: kolom terisi ≤50% (tidak di-include di SQL auto)"
1658,"(TIDAK ADA NIK KTP)","(TIDAK ADA NAMA)",0,139,0.0%,"Butuh input manual: kolom terisi ≤50% (tidak di-include di SQL auto)"
1659,"(TIDAK ADA NIK KTP)","(TIDAK ADA NAMA)",0,139,0.0%,"Butuh input manual: kolom terisi ≤50% (tidak di-include di SQL auto)"
1660,"(TIDAK ADA NIK KTP)","(TIDAK ADA NAMA)",0,139,0.0%,"Butuh input manual: kolom terisi ≤50% (tidak di-include di SQL auto)"
1661,"(TIDAK ADA NIK KTP)","(TIDAK ADA NAMA)",0,139,0.0%,"Butuh input manual: kolom terisi ≤50% (tidak di-include di SQL auto)"
1662,"(TIDAK ADA NIK KTP)","(TIDAK ADA NAMA)",0,139,0.0%,"Butuh input manual: kolom terisi ≤50% (tidak di-include di SQL auto)"
1663,"(TIDAK ADA NIK KTP)","(TIDAK ADA NAMA)",0,139,0.0%,"Butuh input manual: kolom terisi ≤50% (tidak di-include di SQL auto)"
1664,"(TIDAK ADA NIK KTP)","(TIDAK ADA NAMA)",0,139,0.0%,"Butuh input manual: kolom terisi ≤50% (tidak di-include di SQL auto)"
1665,"(TIDAK ADA NIK KTP)","(TIDAK ADA NAMA)",0,139,0.0%,"Butuh input manual: kolom terisi ≤50% (tidak di-include di SQL auto)"
1666,"(TIDAK ADA NIK KTP)","(TIDAK ADA NAMA)",0,139,0.0%,"Butuh input manual: kolom terisi ≤50% (tidak di-include di SQL auto)"
1667,"(TIDAK ADA NIK KTP)","(TIDAK ADA NAMA)",0,139,0.0%,"Butuh input manual: kolom terisi ≤50% (tidak di-include di SQL auto)"
1668,"(TIDAK ADA NIK KTP)","(TIDAK ADA NAMA)",0,139,0.0%,"Butuh input manual: kolom terisi ≤50% (tidak di-include di SQL auto)"
1669,"(TIDAK ADA NIK KTP)","(TIDAK ADA NAMA)",0,139,0.0%,"Butuh input manual: kolom terisi ≤50% (tidak di-include di SQL auto)"
1670,"(TIDAK ADA NIK KTP)","(TIDAK ADA NAMA)",0,139,0.0%,"Butuh input manual: kolom terisi ≤50% (tidak di-include di SQL auto)"
1671,"(TIDAK ADA NIK KTP)","(TIDAK ADA NAMA)",0,139,0.0%,"Butuh input manual: kolom terisi ≤50% (tidak di-include di SQL auto)"
1672,"(TIDAK ADA NIK KTP)","(TIDAK ADA NAMA)",0,139,0.0%,"Butuh input manual: kolom terisi ≤50% (tidak di-include di SQL auto)"
1673,"(TIDAK ADA NIK KTP)","(TIDAK ADA NAMA)",0,139,0.0%,"Butuh input manual: kolom terisi ≤50% (tidak di-include di SQL auto)"
1674,"(TIDAK ADA NIK KTP)","(TIDAK ADA NAMA)",0,139,0.0%,"Butuh input manual: kolom terisi ≤50% (tidak di-include di SQL auto)"
1675,"(TIDAK ADA NIK KTP)","(TIDAK ADA NAMA)",0,139,0.0%,"Butuh input manual: kolom terisi ≤50% (tidak di-include di SQL auto)"
1676,"(TIDAK ADA NIK KTP)","(TIDAK ADA NAMA)",0,139,0.0%,"Butuh input manual: kolom terisi ≤50% (tidak di-include di SQL auto)"
1677,"(TIDAK ADA NIK KTP)","(TIDAK ADA NAMA)",0,139,0.0%,"Butuh input manual: kolom terisi ≤50% (tidak di-include di SQL auto)"
1678,"(TIDAK ADA NIK KTP)","(TIDAK ADA NAMA)",0,139,0.0%,"Butuh input manual: kolom terisi ≤50% (tidak di-include di SQL auto)"
1679,"(TIDAK ADA NIK KTP)","(TIDAK ADA NAMA)",0,139,0.0%,"Butuh input manual: kolom terisi ≤50% (tidak di-include di SQL auto)"
1680,"(TIDAK ADA NIK KTP)","(TIDAK ADA NAMA)",0,139,0.0%,"Butuh input manual: kolom terisi ≤50% (tidak di-include di SQL auto)"
1681,"(TIDAK ADA NIK KTP)","(TIDAK ADA NAMA)",0,139,0.0%,"Butuh input manual: kolom terisi ≤50% (tidak di-include di SQL auto)"
1682,"(TIDAK ADA NIK KTP)","(TIDAK ADA NAMA)",0,139,0.0%,"Butuh input manual: kolom terisi ≤50% (tidak di-include di SQL auto)"
1683,"(TIDAK ADA NIK KTP)","(TIDAK ADA NAMA)",0,139,0.0%,"Butuh input manual: kolom terisi ≤50% (tidak di-include di SQL auto)"
1684,"(TIDAK ADA NIK KTP)","(TIDAK ADA NAMA)",0,139,0.0%,"Butuh input manual: kolom terisi ≤50% (tidak di-include di SQL auto)"
1685,"(TIDAK ADA NIK KTP)","(TIDAK ADA NAMA)",0,139,0.0%,"Butuh input manual: kolom terisi ≤50% (tidak di-include di SQL auto)"
1686,"(TIDAK ADA NIK KTP)","(TIDAK ADA NAMA)",0,139,0.0%,"Butuh input manual: kolom terisi ≤50% (tidak di-include di SQL auto)"
1687,"(TIDAK ADA NIK KTP)","(TIDAK ADA NAMA)",0,139,0.0%,"Butuh input manual: kolom terisi ≤50% (tidak di-include di SQL auto)"
1688,"(TIDAK ADA NIK KTP)","(TIDAK ADA NAMA)",0,139,0.0%,"Butuh input manual: kolom terisi ≤50% (tidak di-include di SQL auto)"
1689,"(TIDAK ADA NIK KTP)","(TIDAK ADA NAMA)",0,139,0.0%,"Butuh input manual: kolom terisi ≤50% (tidak di-include di SQL auto)"
1690,"(TIDAK ADA NIK KTP)","(TIDAK ADA NAMA)",0,139,0.0%,"Butuh input manual: kolom terisi ≤50% (tidak di-include di SQL auto)"
1691,"(TIDAK ADA NIK KTP)","(TIDAK ADA NAMA)",0,139,0.0%,"Butuh input manual: kolom terisi ≤50% (tidak di-include di SQL auto)"
1692,"(TIDAK ADA NIK KTP)","(TIDAK ADA NAMA)",0,139,0.0%,"Butuh input manual: kolom terisi ≤50% (tidak di-include di SQL auto)"
1693,"(TIDAK ADA NIK KTP)","(TIDAK ADA NAMA)",0,139,0.0%,"Butuh input manual: kolom terisi ≤50% (tidak di-include di SQL auto)"
1694,"(TIDAK ADA NIK KTP)","(TIDAK ADA NAMA)",0,139,0.0%,"Butuh input manual: kolom terisi ≤50% (tidak di-include di SQL auto)"
1695,"(TIDAK ADA NIK KTP)","(TIDAK ADA NAMA)",0,139,0.0%,"Butuh input manual: kolom terisi ≤50% (tidak di-include di SQL auto)"
1696,"(TIDAK ADA NIK KTP)","(TIDAK ADA NAMA)",0,139,0.0%,"Butuh input manual: kolom terisi ≤50% (tidak di-include di SQL auto)"
1697,"(TIDAK ADA NIK KTP)","(TIDAK ADA NAMA)",0,139,0.0%,"Butuh input manual: kolom terisi ≤50% (tidak di-include di SQL auto)"
1698,"(TIDAK ADA NIK KTP)","(TIDAK ADA NAMA)",0,139,0.0%,"Butuh input manual: kolom terisi ≤50% (tidak di-include di SQL auto)"
1699,"(TIDAK ADA NIK KTP)","(TIDAK ADA NAMA)",0,139,0.0%,"Butuh input manual: kolom terisi ≤50% (tidak di-include di SQL auto)"
1700,"(TIDAK ADA NIK KTP)","(TIDAK ADA NAMA)",0,139,0.0%,"Butuh input manual: kolom terisi ≤50% (tidak di-include di SQL auto)"
1701,"(TIDAK ADA NIK KTP)","(TIDAK ADA NAMA)",0,139,0.0%,"Butuh input manual: kolom terisi ≤50% (tidak di-include di SQL auto)"
1702,"(TIDAK ADA NIK KTP)","(TIDAK ADA NAMA)",0,139,0.0%,"Butuh input manual: kolom terisi ≤50% (tidak di-include di SQL auto)"
1703,"(TIDAK ADA NIK KTP)","(TIDAK ADA NAMA)",0,139,0.0%,"Butuh input manual: kolom terisi ≤50% (tidak di-include di SQL auto)"
1704,"(TIDAK ADA NIK KTP)","(TIDAK ADA NAMA)",0,139,0.0%,"Butuh input manual: kolom terisi ≤50% (tidak di-include di SQL auto)"
1705,"(TIDAK ADA NIK KTP)","(TIDAK ADA NAMA)",0,139,0.0%,"Butuh input manual: kolom terisi ≤50% (tidak di-include di SQL auto)"
1706,"(TIDAK ADA NIK KTP)","(TIDAK ADA NAMA)",0,139,0.0%,"Butuh input manual: kolom terisi ≤50% (tidak di-include di SQL auto)"
1707,"(TIDAK ADA NIK KTP)","(TIDAK ADA NAMA)",0,139,0.0%,"Butuh input manual: kolom terisi ≤50% (tidak di-include di SQL auto)"
1708,"(TIDAK ADA NIK KTP)","(TIDAK ADA NAMA)",0,139,0.0%,"Butuh input manual: kolom terisi ≤50% (tidak di-include di SQL auto)"
1709,"(TIDAK ADA NIK KTP)","(TIDAK ADA NAMA)",0,139,0.0%,"Butuh input manual: kolom terisi ≤50% (tidak di-include di SQL auto)"
1710,"(TIDAK ADA NIK KTP)","(TIDAK ADA NAMA)",0,139,0.0%,"Butuh input manual: kolom terisi ≤50% (tidak di-include di SQL auto)"
1711,"(TIDAK ADA NIK KTP)","(TIDAK ADA NAMA)",0,139,0.0%,"Butuh input manual: kolom terisi ≤50% (tidak di-include di SQL auto)"
1712,"(TIDAK ADA NIK KTP)","(TIDAK ADA NAMA)",0,139,0.0%,"Butuh input manual: kolom terisi ≤50% (tidak di-include di SQL auto)"
1713,"(TIDAK ADA NIK KTP)","(TIDAK ADA NAMA)",0,139,0.0%,"Butuh input manual: kolom terisi ≤50% (tidak di-include di SQL auto)"
1714,"(TIDAK ADA NIK KTP)","(TIDAK ADA NAMA)",0,139,0.0%,"Butuh input manual: kolom terisi ≤50% (tidak di-include di SQL auto)"
1715,"(TIDAK ADA NIK KTP)","(TIDAK ADA NAMA)",0,139,0.0%,"Butuh input manual: kolom terisi ≤50% (tidak di-include di SQL auto)"
1716,"(TIDAK ADA NIK KTP)","(TIDAK ADA NAMA)",0,139,0.0%,"Butuh input manual: kolom terisi ≤50% (tidak di-include di SQL auto)"
1717,"(TIDAK ADA NIK KTP)","(TIDAK ADA NAMA)",0,139,0.0%,"Butuh input manual: kolom terisi ≤50% (tidak di-include di SQL auto)"
1718,"(TIDAK ADA NIK KTP)","(TIDAK ADA NAMA)",0,139,0.0%,"Butuh input manual: kolom terisi ≤50% (tidak di-include di SQL auto)"
1719,"(TIDAK ADA NIK KTP)","(TIDAK ADA NAMA)",0,139,0.0%,"Butuh input manual: kolom terisi ≤50% (tidak di-include di SQL auto)"
1720,"(TIDAK ADA NIK KTP)","(TIDAK ADA NAMA)",0,139,0.0%,"Butuh input manual: kolom terisi ≤50% (tidak di-include di SQL auto)"
1721,"(TIDAK ADA NIK KTP)","(TIDAK ADA NAMA)",0,139,0.0%,"Butuh input manual: kolom terisi ≤50% (tidak di-include di SQL auto)"
1722,"(TIDAK ADA NIK KTP)","(TIDAK ADA NAMA)",0,139,0.0%,"Butuh input manual: kolom terisi ≤50% (tidak di-include di SQL auto)"
1723,"(TIDAK ADA NIK KTP)","(TIDAK ADA NAMA)",0,139,0.0%,"Butuh input manual: kolom terisi ≤50% (tidak di-include di SQL auto)"
1724,"(TIDAK ADA NIK KTP)","(TIDAK ADA NAMA)",0,139,0.0%,"Butuh input manual: kolom terisi ≤50% (tidak di-include di SQL auto)"
1725,"(TIDAK ADA NIK KTP)","(TIDAK ADA NAMA)",0,139,0.0%,"Butuh input manual: kolom terisi ≤50% (tidak di-include di SQL auto)"
1726,"(TIDAK ADA NIK KTP)","(TIDAK ADA NAMA)",0,139,0.0%,"Butuh input manual: kolom terisi ≤50% (tidak di-include di SQL auto)"
1727,"(TIDAK ADA NIK KTP)","(TIDAK ADA NAMA)",0,139,0.0%,"Butuh input manual: kolom terisi ≤50% (tidak di-include di SQL auto)"
1728,"(TIDAK ADA NIK KTP)","(TIDAK ADA NAMA)",0,139,0.0%,"Butuh input manual: kolom terisi ≤50% (tidak di-include di SQL auto)"
1729,"(TIDAK ADA NIK KTP)","(TIDAK ADA NAMA)",0,139,0.0%,"Butuh input manual: kolom terisi ≤50% (tidak di-include di SQL auto)"
1730,"(TIDAK ADA NIK KTP)","(TIDAK ADA NAMA)",0,139,0.0%,"Butuh input manual: kolom terisi ≤50% (tidak di-include di SQL auto)"
1731,"(TIDAK ADA NIK KTP)","(TIDAK ADA NAMA)",0,139,0.0%,"Butuh input manual: kolom terisi ≤50% (tidak di-include di SQL auto)"
1732,"(TIDAK ADA NIK KTP)","(TIDAK ADA NAMA)",0,139,0.0%,"Butuh input manual: kolom terisi ≤50% (tidak di-include di SQL auto)"
1733,"(TIDAK ADA NIK KTP)","(TIDAK ADA NAMA)",0,139,0.0%,"Butuh input manual: kolom terisi ≤50% (tidak di-include di SQL auto)"
1734,"(TIDAK ADA NIK KTP)","(TIDAK ADA NAMA)",0,139,0.0%,"Butuh input manual: kolom terisi ≤50% (tidak di-include di SQL auto)"
1735,"(TIDAK ADA NIK KTP)","(TIDAK ADA NAMA)",0,139,0.0%,"Butuh input manual: kolom terisi ≤50% (tidak di-include di SQL auto)"
1736,"(TIDAK ADA NIK KTP)","(TIDAK ADA NAMA)",0,139,0.0%,"Butuh input manual: kolom terisi ≤50% (tidak di-include di SQL auto)"
1737,"(TIDAK ADA NIK KTP)","(TIDAK ADA NAMA)",0,139,0.0%,"Butuh input manual: kolom terisi ≤50% (tidak di-include di SQL auto)"
1738,"(TIDAK ADA NIK KTP)","(TIDAK ADA NAMA)",0,139,0.0%,"Butuh input manual: kolom terisi ≤50% (tidak di-include di SQL auto)"
1739,"(TIDAK ADA NIK KTP)","(TIDAK ADA NAMA)",0,139,0.0%,"Butuh input manual: kolom terisi ≤50% (tidak di-include di SQL auto)"
1740,"(TIDAK ADA NIK KTP)","(TIDAK ADA NAMA)",0,139,0.0%,"Butuh input manual: kolom terisi ≤50% (tidak di-include di SQL auto)"
1741,"(TIDAK ADA NIK KTP)","(TIDAK ADA NAMA)",0,139,0.0%,"Butuh input manual: kolom terisi ≤50% (tidak di-include di SQL auto)"
1742,"(TIDAK ADA NIK KTP)","(TIDAK ADA NAMA)",0,139,0.0%,"Butuh input manual: kolom terisi ≤50% (tidak di-include di SQL auto)"
1743,"(TIDAK ADA NIK KTP)","(TIDAK ADA NAMA)",0,139,0.0%,"Butuh input manual: kolom terisi ≤50% (tidak di-include di SQL auto)"
1744,"(TIDAK ADA NIK KTP)","(TIDAK ADA NAMA)",0,139,0.0%,"Butuh input manual: kolom terisi ≤50% (tidak di-include di SQL auto)"
1745,"(TIDAK ADA NIK KTP)","(TIDAK ADA NAMA)",0,139,0.0%,"Butuh input manual: kolom terisi ≤50% (tidak di-include di SQL auto)"
1746,"(TIDAK ADA NIK KTP)","(TIDAK ADA NAMA)",0,139,0.0%,"Butuh input manual: kolom terisi ≤50% (tidak di-include di SQL auto)"
1747,"(TIDAK ADA NIK KTP)","(TIDAK ADA NAMA)",0,139,0.0%,"Butuh input manual: kolom terisi ≤50% (tidak di-include di SQL auto)"
1748,"(TIDAK ADA NIK KTP)","(TIDAK ADA NAMA)",0,139,0.0%,"Butuh input manual: kolom terisi ≤50% (tidak di-include di SQL auto)"
1749,"(TIDAK ADA NIK KTP)","(TIDAK ADA NAMA)",0,139,0.0%,"Butuh input manual: kolom terisi ≤50% (tidak di-include di SQL auto)"
1750,"(TIDAK ADA NIK KTP)","(TIDAK ADA NAMA)",0,139,0.0%,"Butuh input manual: kolom terisi ≤50% (tidak di-include di SQL auto)"
1751,"(TIDAK ADA NIK KTP)","(TIDAK ADA NAMA)",0,139,0.0%,"Butuh input manual: kolom terisi ≤50% (tidak di-include di SQL auto)"
1752,"(TIDAK ADA NIK KTP)","(TIDAK ADA NAMA)",0,139,0.0%,"Butuh input manual: kolom terisi ≤50% (tidak di-include di SQL auto)"
1753,"(TIDAK ADA NIK KTP)","(TIDAK ADA NAMA)",0,139,0.0%,"Butuh input manual: kolom terisi ≤50% (tidak di-include di SQL auto)"
1754,"(TIDAK ADA NIK KTP)","(TIDAK ADA NAMA)",0,139,0.0%,"Butuh input manual: kolom terisi ≤50% (tidak di-include di SQL auto)"
1755,"(TIDAK ADA NIK KTP)","(TIDAK ADA NAMA)",0,139,0.0%,"Butuh input manual: kolom terisi ≤50% (tidak di-include di SQL auto)"
1756,"(TIDAK ADA NIK KTP)","(TIDAK ADA NAMA)",0,139,0.0%,"Butuh input manual: kolom terisi ≤50% (tidak di-include di SQL auto)"
1757,"(TIDAK ADA NIK KTP)","(TIDAK ADA NAMA)",0,139,0.0%,"Butuh input manual: kolom terisi ≤50% (tidak di-include di SQL auto)"
1758,"(TIDAK ADA NIK KTP)","(TIDAK ADA NAMA)",0,139,0.0%,"Butuh input manual: kolom terisi ≤50% (tidak di-include di SQL auto)"
1759,"(TIDAK ADA NIK KTP)","(TIDAK ADA NAMA)",0,139,0.0%,"Butuh input manual: kolom terisi ≤50% (tidak di-include di SQL auto)"
1760,"(TIDAK ADA NIK KTP)","(TIDAK ADA NAMA)",0,139,0.0%,"Butuh input manual: kolom terisi ≤50% (tidak di-include di SQL auto)"
1761,"(TIDAK ADA NIK KTP)","(TIDAK ADA NAMA)",0,139,0.0%,"Butuh input manual: kolom terisi ≤50% (tidak di-include di SQL auto)"
1762,"(TIDAK ADA NIK KTP)","(TIDAK ADA NAMA)",0,139,0.0%,"Butuh input manual: kolom terisi ≤50% (tidak di-include di SQL auto)"
1763,"(TIDAK ADA NIK KTP)","(TIDAK ADA NAMA)",0,139,0.0%,"Butuh input manual: kolom terisi ≤50% (tidak di-include di SQL auto)"
1764,"(TIDAK ADA NIK KTP)","(TIDAK ADA NAMA)",0,139,0.0%,"Butuh input manual: kolom terisi ≤50% (tidak di-include di SQL auto)"
1765,"(TIDAK ADA NIK KTP)","(TIDAK ADA NAMA)",0,139,0.0%,"Butuh input manual: kolom terisi ≤50% (tidak di-include di SQL auto)"
1766,"(TIDAK ADA NIK KTP)","(TIDAK ADA NAMA)",0,139,0.0%,"Butuh input manual: kolom terisi ≤50% (tidak di-include di SQL auto)"
1767,"(TIDAK ADA NIK KTP)","(TIDAK ADA NAMA)",0,139,0.0%,"Butuh input manual: kolom terisi ≤50% (tidak di-include di SQL auto)"
1768,"(TIDAK ADA NIK KTP)","(TIDAK ADA NAMA)",0,139,0.0%,"Butuh input manual: kolom terisi ≤50% (tidak di-include di SQL auto)"
1769,"(TIDAK ADA NIK KTP)","(TIDAK ADA NAMA)",0,139,0.0%,"Butuh input manual: kolom terisi ≤50% (tidak di-include di SQL auto)"
1770,"(TIDAK ADA NIK KTP)","(TIDAK ADA NAMA)",0,139,0.0%,"Butuh input manual: kolom terisi ≤50% (tidak di-include di SQL auto)"
1771,"(TIDAK ADA NIK KTP)","(TIDAK ADA NAMA)",0,139,0.0%,"Butuh input manual: kolom terisi ≤50% (tidak di-include di SQL auto)"
1772,"(TIDAK ADA NIK KTP)","(TIDAK ADA NAMA)",0,139,0.0%,"Butuh input manual: kolom terisi ≤50% (tidak di-include di SQL auto)"
1773,"(TIDAK ADA NIK KTP)","(TIDAK ADA NAMA)",0,139,0.0%,"Butuh input manual: kolom terisi ≤50% (tidak di-include di SQL auto)"
1774,"(TIDAK ADA NIK KTP)","(TIDAK ADA NAMA)",0,139,0.0%,"Butuh input manual: kolom terisi ≤50% (tidak di-include di SQL auto)"
1775,"(TIDAK ADA NIK KTP)","(TIDAK ADA NAMA)",0,139,0.0%,"Butuh input manual: kolom terisi ≤50% (tidak di-include di SQL auto)"
1776,"(TIDAK ADA NIK KTP)","(TIDAK ADA NAMA)",0,139,0.0%,"Butuh input manual: kolom terisi ≤50% (tidak di-include di SQL auto)"
1777,"(TIDAK ADA NIK KTP)","(TIDAK ADA NAMA)",0,139,0.0%,"Butuh input manual: kolom terisi ≤50% (tidak di-include di SQL auto)"
1778,"(TIDAK ADA NIK KTP)","(TIDAK ADA NAMA)",0,139,0.0%,"Butuh input manual: kolom terisi ≤50% (tidak di-include di SQL auto)"
1779,"(TIDAK ADA NIK KTP)","(TIDAK ADA NAMA)",0,139,0.0%,"Butuh input manual: kolom terisi ≤50% (tidak di-include di SQL auto)"
1780,"(TIDAK ADA NIK KTP)","(TIDAK ADA NAMA)",0,139,0.0%,"Butuh input manual: kolom terisi ≤50% (tidak di-include di SQL auto)"
1781,"(TIDAK ADA NIK KTP)","(TIDAK ADA NAMA)",0,139,0.0%,"Butuh input manual: kolom terisi ≤50% (tidak di-include di SQL auto)"
1782,"(TIDAK ADA NIK KTP)","(TIDAK ADA NAMA)",0,139,0.0%,"Butuh input manual: kolom terisi ≤50% (tidak di-include di SQL auto)"
1783,"(TIDAK ADA NIK KTP)","(TIDAK ADA NAMA)",0,139,0.0%,"Butuh input manual: kolom terisi ≤50% (tidak di-include di SQL auto)"
1784,"(TIDAK ADA NIK KTP)","(TIDAK ADA NAMA)",0,139,0.0%,"Butuh input manual: kolom terisi ≤50% (tidak di-include di SQL auto)"
1785,"(TIDAK ADA NIK KTP)","(TIDAK ADA NAMA)",0,139,0.0%,"Butuh input manual: kolom terisi ≤50% (tidak di-include di SQL auto)"
1786,"(TIDAK ADA NIK KTP)","(TIDAK ADA NAMA)",0,139,0.0%,"Butuh input manual: kolom terisi ≤50% (tidak di-include di SQL auto)"
1787,"(TIDAK ADA NIK KTP)","(TIDAK ADA NAMA)",0,139,0.0%,"Butuh input manual: kolom terisi ≤50% (tidak di-include di SQL auto)"
1788,"(TIDAK ADA NIK KTP)","(TIDAK ADA NAMA)",0,139,0.0%,"Butuh input manual: kolom terisi ≤50% (tidak di-include di SQL auto)"
1789,"(TIDAK ADA NIK KTP)","(TIDAK ADA NAMA)",0,139,0.0%,"Butuh input manual: kolom terisi ≤50% (tidak di-include di SQL auto)"
1790,"(TIDAK ADA NIK KTP)","(TIDAK ADA NAMA)",0,139,0.0%,"Butuh input manual: kolom terisi ≤50% (tidak di-include di SQL auto)"
1791,"(TIDAK ADA NIK KTP)","(TIDAK ADA NAMA)",0,139,0.0%,"Butuh input manual: kolom terisi ≤50% (tidak di-include di SQL auto)"
1792,"(TIDAK ADA NIK KTP)","(TIDAK ADA NAMA)",0,139,0.0%,"Butuh input manual: kolom terisi ≤50% (tidak di-include di SQL auto)"
1793,"(TIDAK ADA NIK KTP)","(TIDAK ADA NAMA)",0,139,0.0%,"Butuh input manual: kolom terisi ≤50% (tidak di-include di SQL auto)"
1794,"(TIDAK ADA NIK KTP)","(TIDAK ADA NAMA)",0,139,0.0%,"Butuh input manual: kolom terisi ≤50% (tidak di-include di SQL auto)"
1795,"(TIDAK ADA NIK KTP)","(TIDAK ADA NAMA)",0,139,0.0%,"Butuh input manual: kolom terisi ≤50% (tidak di-include di SQL auto)"
1796,"(TIDAK ADA NIK KTP)","(TIDAK ADA NAMA)",0,139,0.0%,"Butuh input manual: kolom terisi ≤50% (tidak di-include di SQL auto)"
1797,"(TIDAK ADA NIK KTP)","(TIDAK ADA NAMA)",0,139,0.0%,"Butuh input manual: kolom terisi ≤50% (tidak di-include di SQL auto)"
1798,"(TIDAK ADA NIK KTP)","(TIDAK ADA NAMA)",0,139,0.0%,"Butuh input manual: kolom terisi ≤50% (tidak di-include di SQL auto)"
1799,"(TIDAK ADA NIK KTP)","(TIDAK ADA NAMA)",0,139,0.0%,"Butuh input manual: kolom terisi ≤50% (tidak di-include di SQL auto)"
1800,"(TIDAK ADA NIK KTP)","(TIDAK ADA NAMA)",0,139,0.0%,"Butuh input manual: kolom terisi ≤50% (tidak di-include di SQL auto)"
1801,"(TIDAK ADA NIK KTP)","(TIDAK ADA NAMA)",0,139,0.0%,"Butuh input manual: kolom terisi ≤50% (tidak di-include di SQL auto)"
1802,"(TIDAK ADA NIK KTP)","(TIDAK ADA NAMA)",0,139,0.0%,"Butuh input manual: kolom terisi ≤50% (tidak di-include di SQL auto)"
1803,"(TIDAK ADA NIK KTP)","(TIDAK ADA NAMA)",0,139,0.0%,"Butuh input manual: kolom terisi ≤50% (tidak di-include di SQL auto)"
1804,"(TIDAK ADA NIK KTP)","(TIDAK ADA NAMA)",0,139,0.0%,"Butuh input manual: kolom terisi ≤50% (tidak di-include di SQL auto)"
1805,"(TIDAK ADA NIK KTP)","(TIDAK ADA NAMA)",0,139,0.0%,"Butuh input manual: kolom terisi ≤50% (tidak di-include di SQL auto)"
1806,"(TIDAK ADA NIK KTP)","(TIDAK ADA NAMA)",0,139,0.0%,"Butuh input manual: kolom terisi ≤50% (tidak di-include di SQL auto)"
1807,"(TIDAK ADA NIK KTP)","(TIDAK ADA NAMA)",0,139,0.0%,"Butuh input manual: kolom terisi ≤50% (tidak di-include di SQL auto)"
1808,"(TIDAK ADA NIK KTP)","(TIDAK ADA NAMA)",0,139,0.0%,"Butuh input manual: kolom terisi ≤50% (tidak di-include di SQL auto)"
1809,"(TIDAK ADA NIK KTP)","(TIDAK ADA NAMA)",0,139,0.0%,"Butuh input manual: kolom terisi ≤50% (tidak di-include di SQL auto)"
1810,"(TIDAK ADA NIK KTP)","(TIDAK ADA NAMA)",0,139,0.0%,"Butuh input manual: kolom terisi ≤50% (tidak di-include di SQL auto)"
1811,"(TIDAK ADA NIK KTP)","(TIDAK ADA NAMA)",0,139,0.0%,"Butuh input manual: kolom terisi ≤50% (tidak di-include di SQL auto)"
1812,"(TIDAK ADA NIK KTP)","(TIDAK ADA NAMA)",0,139,0.0%,"Butuh input manual: kolom terisi ≤50% (tidak di-include di SQL auto)"
1813,"(TIDAK ADA NIK KTP)","(TIDAK ADA NAMA)",0,139,0.0%,"Butuh input manual: kolom terisi ≤50% (tidak di-include di SQL auto)"
1814,"(TIDAK ADA NIK KTP)","(TIDAK ADA NAMA)",0,139,0.0%,"Butuh input manual: kolom terisi ≤50% (tidak di-include di SQL auto)"
1815,"(TIDAK ADA NIK KTP)","(TIDAK ADA NAMA)",0,139,0.0%,"Butuh input manual: kolom terisi ≤50% (tidak di-include di SQL auto)"
1816,"(TIDAK ADA NIK KTP)","(TIDAK ADA NAMA)",0,139,0.0%,"Butuh input manual: kolom terisi ≤50% (tidak di-include di SQL auto)"
1817,"(TIDAK ADA NIK KTP)","(TIDAK ADA NAMA)",0,139,0.0%,"Butuh input manual: kolom terisi ≤50% (tidak di-include di SQL auto)"
1818,"(TIDAK ADA NIK KTP)","(TIDAK ADA NAMA)",0,139,0.0%,"Butuh input manual: kolom terisi ≤50% (tidak di-include di SQL auto)"
1819,"(TIDAK ADA NIK KTP)","(TIDAK ADA NAMA)",0,139,0.0%,"Butuh input manual: kolom terisi ≤50% (tidak di-include di SQL auto)"
1820,"(TIDAK ADA NIK KTP)","(TIDAK ADA NAMA)",0,139,0.0%,"Butuh input manual: kolom terisi ≤50% (tidak di-include di SQL auto)"
1821,"(TIDAK ADA NIK KTP)","(TIDAK ADA NAMA)",0,139,0.0%,"Butuh input manual: kolom terisi ≤50% (tidak di-include di SQL auto)"
1822,"(TIDAK ADA NIK KTP)","(TIDAK ADA NAMA)",0,139,0.0%,"Butuh input manual: kolom terisi ≤50% (tidak di-include di SQL auto)"
1823,"(TIDAK ADA NIK KTP)","(TIDAK ADA NAMA)",0,139,0.0%,"Butuh input manual: kolom terisi ≤50% (tidak di-include di SQL auto)"
1824,"(TIDAK ADA NIK KTP)","(TIDAK ADA NAMA)",0,139,0.0%,"Butuh input manual: kolom terisi ≤50% (tidak di-include di SQL auto)"
1825,"(TIDAK ADA NIK KTP)","(TIDAK ADA NAMA)",0,139,0.0%,"Butuh input manual: kolom terisi ≤50% (tidak di-include di SQL auto)"
1826,"(TIDAK ADA NIK KTP)","(TIDAK ADA NAMA)",0,139,0.0%,"Butuh input manual: kolom terisi ≤50% (tidak di-include di SQL auto)"
1827,"(TIDAK ADA NIK KTP)","(TIDAK ADA NAMA)",0,139,0.0%,"Butuh input manual: kolom terisi ≤50% (tidak di-include di SQL auto)"
1828,"(TIDAK ADA NIK KTP)","(TIDAK ADA NAMA)",0,139,0.0%,"Butuh input manual: kolom terisi ≤50% (tidak di-include di SQL auto)"
1829,"(TIDAK ADA NIK KTP)","(TIDAK ADA NAMA)",0,139,0.0%,"Butuh input manual: kolom terisi ≤50% (tidak di-include di SQL auto)"
1830,"(TIDAK ADA NIK KTP)","(TIDAK ADA NAMA)",0,139,0.0%,"Butuh input manual: kolom terisi ≤50% (tidak di-include di SQL auto)"
1831,"(TIDAK ADA NIK KTP)","(TIDAK ADA NAMA)",0,139,0.0%,"Butuh input manual: kolom terisi ≤50% (tidak di-include di SQL auto)"
1832,"(TIDAK ADA NIK KTP)","(TIDAK ADA NAMA)",0,139,0.0%,"Butuh input manual: kolom terisi ≤50% (tidak di-include di SQL auto)"
1833,"(TIDAK ADA NIK KTP)","(TIDAK ADA NAMA)",0,139,0.0%,"Butuh input manual: kolom terisi ≤50% (tidak di-include di SQL auto)"
1834,"(TIDAK ADA NIK KTP)","(TIDAK ADA NAMA)",0,139,0.0%,"Butuh input manual: kolom terisi ≤50% (tidak di-include di SQL auto)"
1835,"(TIDAK ADA NIK KTP)","(TIDAK ADA NAMA)",0,139,0.0%,"Butuh input manual: kolom terisi ≤50% (tidak di-include di SQL auto)"
1836,"(TIDAK ADA NIK KTP)","(TIDAK ADA NAMA)",0,139,0.0%,"Butuh input manual: kolom terisi ≤50% (tidak di-include di SQL auto)"
1837,"(TIDAK ADA NIK KTP)","(TIDAK ADA NAMA)",0,139,0.0%,"Butuh input manual: kolom terisi ≤50% (tidak di-include di SQL auto)"
1838,"(TIDAK ADA NIK KTP)","(TIDAK ADA NAMA)",0,139,0.0%,"Butuh input manual: kolom terisi ≤50% (tidak di-include di SQL auto)"
1839,"(TIDAK ADA NIK KTP)","(TIDAK ADA NAMA)",0,139,0.0%,"Butuh input manual: kolom terisi ≤50% (tidak di-include di SQL auto)"
1840,"(TIDAK ADA NIK KTP)","(TIDAK ADA NAMA)",0,139,0.0%,"Butuh input manual: kolom terisi ≤50% (tidak di-include di SQL auto)"
1841,"(TIDAK ADA NIK KTP)","(TIDAK ADA NAMA)",0,139,0.0%,"Butuh input manual: kolom terisi ≤50% (tidak di-include di SQL auto)"
1842,"(TIDAK ADA NIK KTP)","(TIDAK ADA NAMA)",0,139,0.0%,"Butuh input manual: kolom terisi ≤50% (tidak di-include di SQL auto)"
1843,"(TIDAK ADA NIK KTP)","(TIDAK ADA NAMA)",0,139,0.0%,"Butuh input manual: kolom terisi ≤50% (tidak di-include di SQL auto)"
1844,"(TIDAK ADA NIK KTP)","(TIDAK ADA NAMA)",0,139,0.0%,"Butuh input manual: kolom terisi ≤50% (tidak di-include di SQL auto)"
1845,"(TIDAK ADA NIK KTP)","(TIDAK ADA NAMA)",0,139,0.0%,"Butuh input manual: kolom terisi ≤50% (tidak di-include di SQL auto)"
1846,"(TIDAK ADA NIK KTP)","(TIDAK ADA NAMA)",0,139,0.0%,"Butuh input manual: kolom terisi ≤50% (tidak di-include di SQL auto)"
1847,"(TIDAK ADA NIK KTP)","(TIDAK ADA NAMA)",0,139,0.0%,"Butuh input manual: kolom terisi ≤50% (tidak di-include di SQL auto)"
1848,"(TIDAK ADA NIK KTP)","(TIDAK ADA NAMA)",0,139,0.0%,"Butuh input manual: kolom terisi ≤50% (tidak di-include di SQL auto)"
1849,"(TIDAK ADA NIK KTP)","(TIDAK ADA NAMA)",0,139,0.0%,"Butuh input manual: kolom terisi ≤50% (tidak di-include di SQL auto)"
1850,"(TIDAK ADA NIK KTP)","(TIDAK ADA NAMA)",0,139,0.0%,"Butuh input manual: kolom terisi ≤50% (tidak di-include di SQL auto)"
1851,"(TIDAK ADA NIK KTP)","(TIDAK ADA NAMA)",0,139,0.0%,"Butuh input manual: kolom terisi ≤50% (tidak di-include di SQL auto)"
1852,"(TIDAK ADA NIK KTP)","(TIDAK ADA NAMA)",0,139,0.0%,"Butuh input manual: kolom terisi ≤50% (tidak di-include di SQL auto)"
1853,"(TIDAK ADA NIK KTP)","(TIDAK ADA NAMA)",0,139,0.0%,"Butuh input manual: kolom terisi ≤50% (tidak di-include di SQL auto)"
1854,"(TIDAK ADA NIK KTP)","(TIDAK ADA NAMA)",0,139,0.0%,"Butuh input manual: kolom terisi ≤50% (tidak di-include di SQL auto)"
1855,"(TIDAK ADA NIK KTP)","(TIDAK ADA NAMA)",0,139,0.0%,"Butuh input manual: kolom terisi ≤50% (tidak di-include di SQL auto)"
1856,"(TIDAK ADA NIK KTP)","(TIDAK ADA NAMA)",0,139,0.0%,"Butuh input manual: kolom terisi ≤50% (tidak di-include di SQL auto)"
1857,"(TIDAK ADA NIK KTP)","(TIDAK ADA NAMA)",0,139,0.0%,"Butuh input manual: kolom terisi ≤50% (tidak di-include di SQL auto)"
1858,"(TIDAK ADA NIK KTP)","(TIDAK ADA NAMA)",0,139,0.0%,"Butuh input manual: kolom terisi ≤50% (tidak di-include di SQL auto)"
1859,"(TIDAK ADA NIK KTP)","(TIDAK ADA NAMA)",0,139,0.0%,"Butuh input manual: kolom terisi ≤50% (tidak di-include di SQL auto)"
1860,"(TIDAK ADA NIK KTP)","(TIDAK ADA NAMA)",0,139,0.0%,"Butuh input manual: kolom terisi ≤50% (tidak di-include di SQL auto)"
1861,"(TIDAK ADA NIK KTP)","(TIDAK ADA NAMA)",0,139,0.0%,"Butuh input manual: kolom terisi ≤50% (tidak di-include di SQL auto)"
1862,"(TIDAK ADA NIK KTP)","(TIDAK ADA NAMA)",0,139,0.0%,"Butuh input manual: kolom terisi ≤50% (tidak di-include di SQL auto)"
1863,"(TIDAK ADA NIK KTP)","(TIDAK ADA NAMA)",0,139,0.0%,"Butuh input manual: kolom terisi ≤50% (tidak di-include di SQL auto)"
1864,"(TIDAK ADA NIK KTP)","(TIDAK ADA NAMA)",0,139,0.0%,"Butuh input manual: kolom terisi ≤50% (tidak di-include di SQL auto)"
1865,"(TIDAK ADA NIK KTP)","(TIDAK ADA NAMA)",0,139,0.0%,"Butuh input manual: kolom terisi ≤50% (tidak di-include di SQL auto)"
1866,"(TIDAK ADA NIK KTP)","(TIDAK ADA NAMA)",0,139,0.0%,"Butuh input manual: kolom terisi ≤50% (tidak di-include di SQL auto)"
1867,"(TIDAK ADA NIK KTP)","(TIDAK ADA NAMA)",0,139,0.0%,"Butuh input manual: kolom terisi ≤50% (tidak di-include di SQL auto)"
1868,"(TIDAK ADA NIK KTP)","(TIDAK ADA NAMA)",0,139,0.0%,"Butuh input manual: kolom terisi ≤50% (tidak di-include di SQL auto)"
1869,"(TIDAK ADA NIK KTP)","(TIDAK ADA NAMA)",0,139,0.0%,"Butuh input manual: kolom terisi ≤50% (tidak di-include di SQL auto)"
1870,"(TIDAK ADA NIK KTP)","(TIDAK ADA NAMA)",0,139,0.0%,"Butuh input manual: kolom terisi ≤50% (tidak di-include di SQL auto)"
1871,"(TIDAK ADA NIK KTP)","(TIDAK ADA NAMA)",0,139,0.0%,"Butuh input manual: kolom terisi ≤50% (tidak di-include di SQL auto)"
1872,"(TIDAK ADA NIK KTP)","(TIDAK ADA NAMA)",0,139,0.0%,"Butuh input manual: kolom terisi ≤50% (tidak di-include di SQL auto)"
1873,"(TIDAK ADA NIK KTP)","(TIDAK ADA NAMA)",0,139,0.0%,"Butuh input manual: kolom terisi ≤50% (tidak di-include di SQL auto)"
1874,"(TIDAK ADA NIK KTP)","(TIDAK ADA NAMA)",0,139,0.0%,"Butuh input manual: kolom terisi ≤50% (tidak di-include di SQL auto)"
1875,"(TIDAK ADA NIK KTP)","(TIDAK ADA NAMA)",0,139,0.0%,"Butuh input manual: kolom terisi ≤50% (tidak di-include di SQL auto)"
1876,"(TIDAK ADA NIK KTP)","(TIDAK ADA NAMA)",0,139,0.0%,"Butuh input manual: kolom terisi ≤50% (tidak di-include di SQL auto)"
1877,"(TIDAK ADA NIK KTP)","(TIDAK ADA NAMA)",0,139,0.0%,"Butuh input manual: kolom terisi ≤50% (tidak di-include di SQL auto)"
1878,"(TIDAK ADA NIK KTP)","(TIDAK ADA NAMA)",0,139,0.0%,"Butuh input manual: kolom terisi ≤50% (tidak di-include di SQL auto)"
1879,"(TIDAK ADA NIK KTP)","(TIDAK ADA NAMA)",0,139,0.0%,"Butuh input manual: kolom terisi ≤50% (tidak di-include di SQL auto)"
1880,"(TIDAK ADA NIK KTP)","(TIDAK ADA NAMA)",0,139,0.0%,"Butuh input manual: kolom terisi ≤50% (tidak di-include di SQL auto)"
1881,"(TIDAK ADA NIK KTP)","(TIDAK ADA NAMA)",0,139,0.0%,"Butuh input manual: kolom terisi ≤50% (tidak di-include di SQL auto)"
1882,"(TIDAK ADA NIK KTP)","(TIDAK ADA NAMA)",0,139,0.0%,"Butuh input manual: kolom terisi ≤50% (tidak di-include di SQL auto)"
1883,"(TIDAK ADA NIK KTP)","(TIDAK ADA NAMA)",0,139,0.0%,"Butuh input manual: kolom terisi ≤50% (tidak di-include di SQL auto)"
1884,"(TIDAK ADA NIK KTP)","(TIDAK ADA NAMA)",0,139,0.0%,"Butuh input manual: kolom terisi ≤50% (tidak di-include di SQL auto)"
1885,"(TIDAK ADA NIK KTP)","(TIDAK ADA NAMA)",0,139,0.0%,"Butuh input manual: kolom terisi ≤50% (tidak di-include di SQL auto)"
1886,"(TIDAK ADA NIK KTP)","(TIDAK ADA NAMA)",0,139,0.0%,"Butuh input manual: kolom terisi ≤50% (tidak di-include di SQL auto)"
1887,"(TIDAK ADA NIK KTP)","(TIDAK ADA NAMA)",0,139,0.0%,"Butuh input manual: kolom terisi ≤50% (tidak di-include di SQL auto)"
1888,"(TIDAK ADA NIK KTP)","(TIDAK ADA NAMA)",0,139,0.0%,"Butuh input manual: kolom terisi ≤50% (tidak di-include di SQL auto)"
1889,"(TIDAK ADA NIK KTP)","(TIDAK ADA NAMA)",0,139,0.0%,"Butuh input manual: kolom terisi ≤50% (tidak di-include di SQL auto)"
1890,"(TIDAK ADA NIK KTP)","(TIDAK ADA NAMA)",0,139,0.0%,"Butuh input manual: kolom terisi ≤50% (tidak di-include di SQL auto)"
1891,"(TIDAK ADA NIK KTP)","(TIDAK ADA NAMA)",0,139,0.0%,"Butuh input manual: kolom terisi ≤50% (tidak di-include di SQL auto)"
1892,"(TIDAK ADA NIK KTP)","(TIDAK ADA NAMA)",0,139,0.0%,"Butuh input manual: kolom terisi ≤50% (tidak di-include di SQL auto)"
1893,"(TIDAK ADA NIK KTP)","(TIDAK ADA NAMA)",0,139,0.0%,"Butuh input manual: kolom terisi ≤50% (tidak di-include di SQL auto)"
1894,"(TIDAK ADA NIK KTP)","(TIDAK ADA NAMA)",0,139,0.0%,"Butuh input manual: kolom terisi ≤50% (tidak di-include di SQL auto)"
1895,"(TIDAK ADA NIK KTP)","(TIDAK ADA NAMA)",0,139,0.0%,"Butuh input manual: kolom terisi ≤50% (tidak di-include di SQL auto)"
1896,"(TIDAK ADA NIK KTP)","(TIDAK ADA NAMA)",0,139,0.0%,"Butuh input manual: kolom terisi ≤50% (tidak di-include di SQL auto)"
1897,"(TIDAK ADA NIK KTP)","(TIDAK ADA NAMA)",0,139,0.0%,"Butuh input manual: kolom terisi ≤50% (tidak di-include di SQL auto)"
1898,"(TIDAK ADA NIK KTP)","(TIDAK ADA NAMA)",0,139,0.0%,"Butuh input manual: kolom terisi ≤50% (tidak di-include di SQL auto)"
1899,"(TIDAK ADA NIK KTP)","(TIDAK ADA NAMA)",0,139,0.0%,"Butuh input manual: kolom terisi ≤50% (tidak di-include di SQL auto)"
1900,"(TIDAK ADA NIK KTP)","(TIDAK ADA NAMA)",0,139,0.0%,"Butuh input manual: kolom terisi ≤50% (tidak di-include di SQL auto)"
1901,"(TIDAK ADA NIK KTP)","(TIDAK ADA NAMA)",0,139,0.0%,"Butuh input manual: kolom terisi ≤50% (tidak di-include di SQL auto)"
1902,"(TIDAK ADA NIK KTP)","(TIDAK ADA NAMA)",0,139,0.0%,"Butuh input manual: kolom terisi ≤50% (tidak di-include di SQL auto)"
1903,"(TIDAK ADA NIK KTP)","(TIDAK ADA NAMA)",0,139,0.0%,"Butuh input manual: kolom terisi ≤50% (tidak di-include di SQL auto)"
1904,"(TIDAK ADA NIK KTP)","(TIDAK ADA NAMA)",0,139,0.0%,"Butuh input manual: kolom terisi ≤50% (tidak di-include di SQL auto)"
1905,"(TIDAK ADA NIK KTP)","(TIDAK ADA NAMA)",0,139,0.0%,"Butuh input manual: kolom terisi ≤50% (tidak di-include di SQL auto)"
1906,"(TIDAK ADA NIK KTP)","(TIDAK ADA NAMA)",0,139,0.0%,"Butuh input manual: kolom terisi ≤50% (tidak di-include di SQL auto)"
1907,"(TIDAK ADA NIK KTP)","(TIDAK ADA NAMA)",0,139,0.0%,"Butuh input manual: kolom terisi ≤50% (tidak di-include di SQL auto)"
1908,"(TIDAK ADA NIK KTP)","(TIDAK ADA NAMA)",0,139,0.0%,"Butuh input manual: kolom terisi ≤50% (tidak di-include di SQL auto)"
1909,"(TIDAK ADA NIK KTP)","(TIDAK ADA NAMA)",0,139,0.0%,"Butuh input manual: kolom terisi ≤50% (tidak di-include di SQL auto)"
1910,"(TIDAK ADA NIK KTP)","(TIDAK ADA NAMA)",0,139,0.0%,"Butuh input manual: kolom terisi ≤50% (tidak di-include di SQL auto)"
1911,"(TIDAK ADA NIK KTP)","(TIDAK ADA NAMA)",0,139,0.0%,"Butuh input manual: kolom terisi ≤50% (tidak di-include di SQL auto)"
1912,"(TIDAK ADA NIK KTP)","(TIDAK ADA NAMA)",0,139,0.0%,"Butuh input manual: kolom terisi ≤50% (tidak di-include di SQL auto)"
1913,"(TIDAK ADA NIK KTP)","(TIDAK ADA NAMA)",0,139,0.0%,"Butuh input manual: kolom terisi ≤50% (tidak di-include di SQL auto)"
1914,"(TIDAK ADA NIK KTP)","(TIDAK ADA NAMA)",0,139,0.0%,"Butuh input manual: kolom terisi ≤50% (tidak di-include di SQL auto)"
1915,"(TIDAK ADA NIK KTP)","(TIDAK ADA NAMA)",0,139,0.0%,"Butuh input manual: kolom terisi ≤50% (tidak di-include di SQL auto)"
1916,"(TIDAK ADA NIK KTP)","(TIDAK ADA NAMA)",0,139,0.0%,"Butuh input manual: kolom terisi ≤50% (tidak di-include di SQL auto)"
1917,"(TIDAK ADA NIK KTP)","(TIDAK ADA NAMA)",0,139,0.0%,"Butuh input manual: kolom terisi ≤50% (tidak di-include di SQL auto)"
1918,"(TIDAK ADA NIK KTP)","(TIDAK ADA NAMA)",0,139,0.0%,"Butuh input manual: kolom terisi ≤50% (tidak di-include di SQL auto)"
1919,"(TIDAK ADA NIK KTP)","(TIDAK ADA NAMA)",0,139,0.0%,"Butuh input manual: kolom terisi ≤50% (tidak di-include di SQL auto)"
1920,"(TIDAK ADA NIK KTP)","(TIDAK ADA NAMA)",0,139,0.0%,"Butuh input manual: kolom terisi ≤50% (tidak di-include di SQL auto)"
1921,"(TIDAK ADA NIK KTP)","(TIDAK ADA NAMA)",0,139,0.0%,"Butuh input manual: kolom terisi ≤50% (tidak di-include di SQL auto)"
1922,"(TIDAK ADA NIK KTP)","(TIDAK ADA NAMA)",0,139,0.0%,"Butuh input manual: kolom terisi ≤50% (tidak di-include di SQL auto)"
1923,"(TIDAK ADA NIK KTP)","(TIDAK ADA NAMA)",0,139,0.0%,"Butuh input manual: kolom terisi ≤50% (tidak di-include di SQL auto)"
1924,"(TIDAK ADA NIK KTP)","(TIDAK ADA NAMA)",0,139,0.0%,"Butuh input manual: kolom terisi ≤50% (tidak di-include di SQL auto)"
1925,"(TIDAK ADA NIK KTP)","(TIDAK ADA NAMA)",0,139,0.0%,"Butuh input manual: kolom terisi ≤50% (tidak di-include di SQL auto)"
1926,"(TIDAK ADA NIK KTP)","(TIDAK ADA NAMA)",0,139,0.0%,"Butuh input manual: kolom terisi ≤50% (tidak di-include di SQL auto)"
1927,"(TIDAK ADA NIK KTP)","(TIDAK ADA NAMA)",0,139,0.0%,"Butuh input manual: kolom terisi ≤50% (tidak di-include di SQL auto)"
1928,"(TIDAK ADA NIK KTP)","(TIDAK ADA NAMA)",0,139,0.0%,"Butuh input manual: kolom terisi ≤50% (tidak di-include di SQL auto)"
1929,"(TIDAK ADA NIK KTP)","(TIDAK ADA NAMA)",0,139,0.0%,"Butuh input manual: kolom terisi ≤50% (tidak di-include di SQL auto)"
1930,"(TIDAK ADA NIK KTP)","(TIDAK ADA NAMA)",0,139,0.0%,"Butuh input manual: kolom terisi ≤50% (tidak di-include di SQL auto)"
1931,"(TIDAK ADA NIK KTP)","(TIDAK ADA NAMA)",0,139,0.0%,"Butuh input manual: kolom terisi ≤50% (tidak di-include di SQL auto)"
1932,"(TIDAK ADA NIK KTP)","(TIDAK ADA NAMA)",0,139,0.0%,"Butuh input manual: kolom terisi ≤50% (tidak di-include di SQL auto)"
1933,"(TIDAK ADA NIK KTP)","(TIDAK ADA NAMA)",0,139,0.0%,"Butuh input manual: kolom terisi ≤50% (tidak di-include di SQL auto)"
1934,"(TIDAK ADA NIK KTP)","(TIDAK ADA NAMA)",0,139,0.0%,"Butuh input manual: kolom terisi ≤50% (tidak di-include di SQL auto)"
1935,"(TIDAK ADA NIK KTP)","(TIDAK ADA NAMA)",0,139,0.0%,"Butuh input manual: kolom terisi ≤50% (tidak di-include di SQL auto)"
1936,"(TIDAK ADA NIK KTP)","(TIDAK ADA NAMA)",0,139,0.0%,"Butuh input manual: kolom terisi ≤50% (tidak di-include di SQL auto)"
1937,"(TIDAK ADA NIK KTP)","(TIDAK ADA NAMA)",0,139,0.0%,"Butuh input manual: kolom terisi ≤50% (tidak di-include di SQL auto)"
1938,"(TIDAK ADA NIK KTP)","(TIDAK ADA NAMA)",0,139,0.0%,"Butuh input manual: kolom terisi ≤50% (tidak di-include di SQL auto)"
1939,"(TIDAK ADA NIK KTP)","(TIDAK ADA NAMA)",0,139,0.0%,"Butuh input manual: kolom terisi ≤50% (tidak di-include di SQL auto)"
1940,"(TIDAK ADA NIK KTP)","(TIDAK ADA NAMA)",0,139,0.0%,"Butuh input manual: kolom terisi ≤50% (tidak di-include di SQL auto)"
1941,"(TIDAK ADA NIK KTP)","(TIDAK ADA NAMA)",0,139,0.0%,"Butuh input manual: kolom terisi ≤50% (tidak di-include di SQL auto)"
1942,"(TIDAK ADA NIK KTP)","(TIDAK ADA NAMA)",0,139,0.0%,"Butuh input manual: kolom terisi ≤50% (tidak di-include di SQL auto)"
1943,"(TIDAK ADA NIK KTP)","(TIDAK ADA NAMA)",0,139,0.0%,"Butuh input manual: kolom terisi ≤50% (tidak di-include di SQL auto)"
1944,"(TIDAK ADA NIK KTP)","(TIDAK ADA NAMA)",0,139,0.0%,"Butuh input manual: kolom terisi ≤50% (tidak di-include di SQL auto)"
1945,"(TIDAK ADA NIK KTP)","(TIDAK ADA NAMA)",0,139,0.0%,"Butuh input manual: kolom terisi ≤50% (tidak di-include di SQL auto)"
1946,"(TIDAK ADA NIK KTP)","(TIDAK ADA NAMA)",0,139,0.0%,"Butuh input manual: kolom terisi ≤50% (tidak di-include di SQL auto)"
1947,"(TIDAK ADA NIK KTP)","(TIDAK ADA NAMA)",0,139,0.0%,"Butuh input manual: kolom terisi ≤50% (tidak di-include di SQL auto)"
1948,"(TIDAK ADA NIK KTP)","(TIDAK ADA NAMA)",0,139,0.0%,"Butuh input manual: kolom terisi ≤50% (tidak di-include di SQL auto)"
1949,"(TIDAK ADA NIK KTP)","(TIDAK ADA NAMA)",0,139,0.0%,"Butuh input manual: kolom terisi ≤50% (tidak di-include di SQL auto)"
1950,"(TIDAK ADA NIK KTP)","(TIDAK ADA NAMA)",0,139,0.0%,"Butuh input manual: kolom terisi ≤50% (tidak di-include di SQL auto)"
1951,"(TIDAK ADA NIK KTP)","(TIDAK ADA NAMA)",0,139,0.0%,"Butuh input manual: kolom terisi ≤50% (tidak di-include di SQL auto)"
1952,"(TIDAK ADA NIK KTP)","(TIDAK ADA NAMA)",0,139,0.0%,"Butuh input manual: kolom terisi ≤50% (tidak di-include di SQL auto)"
1953,"(TIDAK ADA NIK KTP)","(TIDAK ADA NAMA)",0,139,0.0%,"Butuh input manual: kolom terisi ≤50% (tidak di-include di SQL auto)"
1954,"(TIDAK ADA NIK KTP)","(TIDAK ADA NAMA)",0,139,0.0%,"Butuh input manual: kolom terisi ≤50% (tidak di-include di SQL auto)"
1955,"(TIDAK ADA NIK KTP)","(TIDAK ADA NAMA)",0,139,0.0%,"Butuh input manual: kolom terisi ≤50% (tidak di-include di SQL auto)"
1956,"(TIDAK ADA NIK KTP)","(TIDAK ADA NAMA)",0,139,0.0%,"Butuh input manual: kolom terisi ≤50% (tidak di-include di SQL auto)"
1957,"(TIDAK ADA NIK KTP)","(TIDAK ADA NAMA)",0,139,0.0%,"Butuh input manual: kolom terisi ≤50% (tidak di-include di SQL auto)"
1958,"(TIDAK ADA NIK KTP)","(TIDAK ADA NAMA)",0,139,0.0%,"Butuh input manual: kolom terisi ≤50% (tidak di-include di SQL auto)"
1959,"(TIDAK ADA NIK KTP)","(TIDAK ADA NAMA)",0,139,0.0%,"Butuh input manual: kolom terisi ≤50% (tidak di-include di SQL auto)"
1960,"(TIDAK ADA NIK KTP)","(TIDAK ADA NAMA)",0,139,0.0%,"Butuh input manual: kolom terisi ≤50% (tidak di-include di SQL auto)"
1961,"(TIDAK ADA NIK KTP)","(TIDAK ADA NAMA)",0,139,0.0%,"Butuh input manual: kolom terisi ≤50% (tidak di-include di SQL auto)"
1962,"(TIDAK ADA NIK KTP)","(TIDAK ADA NAMA)",0,139,0.0%,"Butuh input manual: kolom terisi ≤50% (tidak di-include di SQL auto)"
1963,"(TIDAK ADA NIK KTP)","(TIDAK ADA NAMA)",0,139,0.0%,"Butuh input manual: kolom terisi ≤50% (tidak di-include di SQL auto)"
1964,"(TIDAK ADA NIK KTP)","(TIDAK ADA NAMA)",0,139,0.0%,"Butuh input manual: kolom terisi ≤50% (tidak di-include di SQL auto)"
1965,"(TIDAK ADA NIK KTP)","(TIDAK ADA NAMA)",0,139,0.0%,"Butuh input manual: kolom terisi ≤50% (tidak di-include di SQL auto)"
1966,"(TIDAK ADA NIK KTP)","(TIDAK ADA NAMA)",0,139,0.0%,"Butuh input manual: kolom terisi ≤50% (tidak di-include di SQL auto)"
1967,"(TIDAK ADA NIK KTP)","(TIDAK ADA NAMA)",0,139,0.0%,"Butuh input manual: kolom terisi ≤50% (tidak di-include di SQL auto)"
1968,"(TIDAK ADA NIK KTP)","(TIDAK ADA NAMA)",0,139,0.0%,"Butuh input manual: kolom terisi ≤50% (tidak di-include di SQL auto)"
1969,"(TIDAK ADA NIK KTP)","(TIDAK ADA NAMA)",0,139,0.0%,"Butuh input manual: kolom terisi ≤50% (tidak di-include di SQL auto)"
1970,"(TIDAK ADA NIK KTP)","(TIDAK ADA NAMA)",0,139,0.0%,"Butuh input manual: kolom terisi ≤50% (tidak di-include di SQL auto)"
1971,"(TIDAK ADA NIK KTP)","(TIDAK ADA NAMA)",0,139,0.0%,"Butuh input manual: kolom terisi ≤50% (tidak di-include di SQL auto)"
1972,"(TIDAK ADA NIK KTP)","(TIDAK ADA NAMA)",0,139,0.0%,"Butuh input manual: kolom terisi ≤50% (tidak di-include di SQL auto)"
1973,"(TIDAK ADA NIK KTP)","(TIDAK ADA NAMA)",0,139,0.0%,"Butuh input manual: kolom terisi ≤50% (tidak di-include di SQL auto)"
1974,"(TIDAK ADA NIK KTP)","(TIDAK ADA NAMA)",0,139,0.0%,"Butuh input manual: kolom terisi ≤50% (tidak di-include di SQL auto)"
1975,"(TIDAK ADA NIK KTP)","(TIDAK ADA NAMA)",0,139,0.0%,"Butuh input manual: kolom terisi ≤50% (tidak di-include di SQL auto)"
1976,"(TIDAK ADA NIK KTP)","(TIDAK ADA NAMA)",0,139,0.0%,"Butuh input manual: kolom terisi ≤50% (tidak di-include di SQL auto)"
1977,"(TIDAK ADA NIK KTP)","(TIDAK ADA NAMA)",0,139,0.0%,"Butuh input manual: kolom terisi ≤50% (tidak di-include di SQL auto)"
1978,"(TIDAK ADA NIK KTP)","(TIDAK ADA NAMA)",0,139,0.0%,"Butuh input manual: kolom terisi ≤50% (tidak di-include di SQL auto)"
1979,"(TIDAK ADA NIK KTP)","(TIDAK ADA NAMA)",0,139,0.0%,"Butuh input manual: kolom terisi ≤50% (tidak di-include di SQL auto)"
1980,"(TIDAK ADA NIK KTP)","(TIDAK ADA NAMA)",0,139,0.0%,"Butuh input manual: kolom terisi ≤50% (tidak di-include di SQL auto)"
1981,"(TIDAK ADA NIK KTP)","(TIDAK ADA NAMA)",0,139,0.0%,"Butuh input manual: kolom terisi ≤50% (tidak di-include di SQL auto)"
1982,"(TIDAK ADA NIK KTP)","(TIDAK ADA NAMA)",0,139,0.0%,"Butuh input manual: kolom terisi ≤50% (tidak di-include di SQL auto)"
1983,"(TIDAK ADA NIK KTP)","(TIDAK ADA NAMA)",0,139,0.0%,"Butuh input manual: kolom terisi ≤50% (tidak di-include di SQL auto)"
1984,"(TIDAK ADA NIK KTP)","(TIDAK ADA NAMA)",0,139,0.0%,"Butuh input manual: kolom terisi ≤50% (tidak di-include di SQL auto)"
1985,"(TIDAK ADA NIK KTP)","(TIDAK ADA NAMA)",0,139,0.0%,"Butuh input manual: kolom terisi ≤50% (tidak di-include di SQL auto)"
1986,"(TIDAK ADA NIK KTP)","(TIDAK ADA NAMA)",0,139,0.0%,"Butuh input manual: kolom terisi ≤50% (tidak di-include di SQL auto)"
1987,"(TIDAK ADA NIK KTP)","(TIDAK ADA NAMA)",0,139,0.0%,"Butuh input manual: kolom terisi ≤50% (tidak di-include di SQL auto)"
1988,"(TIDAK ADA NIK KTP)","(TIDAK ADA NAMA)",0,139,0.0%,"Butuh input manual: kolom terisi ≤50% (tidak di-include di SQL auto)"
1989,"(TIDAK ADA NIK KTP)","(TIDAK ADA NAMA)",0,139,0.0%,"Butuh input manual: kolom terisi ≤50% (tidak di-include di SQL auto)"
1990,"(TIDAK ADA NIK KTP)","(TIDAK ADA NAMA)",0,139,0.0%,"Butuh input manual: kolom terisi ≤50% (tidak di-include di SQL auto)"
1991,"(TIDAK ADA NIK KTP)","(TIDAK ADA NAMA)",0,139,0.0%,"Butuh input manual: kolom terisi ≤50% (tidak di-include di SQL auto)"
1992,"(TIDAK ADA NIK KTP)","(TIDAK ADA NAMA)",0,139,0.0%,"Butuh input manual: kolom terisi ≤50% (tidak di-include di SQL auto)"
1993,"(TIDAK ADA NIK KTP)","(TIDAK ADA NAMA)",0,139,0.0%,"Butuh input manual: kolom terisi ≤50% (tidak di-include di SQL auto)"
1994,"(TIDAK ADA NIK KTP)","(TIDAK ADA NAMA)",0,139,0.0%,"Butuh input manual: kolom terisi ≤50% (tidak di-include di SQL auto)"
1995,"(TIDAK ADA NIK KTP)","(TIDAK ADA NAMA)",0,139,0.0%,"Butuh input manual: kolom terisi ≤50% (tidak di-include di SQL auto)"
1996,"(TIDAK ADA NIK KTP)","(TIDAK ADA NAMA)",0,139,0.0%,"Butuh input manual: kolom terisi ≤50% (tidak di-include di SQL auto)"
1997,"(TIDAK ADA NIK KTP)","(TIDAK ADA NAMA)",0,139,0.0%,"Butuh input manual: kolom terisi ≤50% (tidak di-include di SQL auto)"
1998,"(TIDAK ADA NIK KTP)","(TIDAK ADA NAMA)",0,139,0.0%,"Butuh input manual: kolom terisi ≤50% (tidak di-include di SQL auto)"
1999,"(TIDAK ADA NIK KTP)","(TIDAK ADA NAMA)",0,139,0.0%,"Butuh input manual: kolom terisi ≤50% (tidak di-include di SQL auto)"
2000,"(TIDAK ADA NIK KTP)","(TIDAK ADA NAMA)",0,139,0.0%,"Butuh input manual: kolom terisi ≤50% (tidak di-include di SQL auto)"
2001,"(TIDAK ADA NIK KTP)","(TIDAK ADA NAMA)",0,139,0.0%,"Butuh input manual: kolom terisi ≤50% (tidak di-include di SQL auto)"
2002,"(TIDAK ADA NIK KTP)","(TIDAK ADA NAMA)",0,139,0.0%,"Butuh input manual: kolom terisi ≤50% (tidak di-include di SQL auto)"
2003,"(TIDAK ADA NIK KTP)","(TIDAK ADA NAMA)",0,139,0.0%,"Butuh input manual: kolom terisi ≤50% (tidak di-include di SQL auto)"
2004,"(TIDAK ADA NIK KTP)","(TIDAK ADA NAMA)",0,139,0.0%,"Butuh input manual: kolom terisi ≤50% (tidak di-include di SQL auto)"
2005,"(TIDAK ADA NIK KTP)","(TIDAK ADA NAMA)",0,139,0.0%,"Butuh input manual: kolom terisi ≤50% (tidak di-include di SQL auto)"
2006,"(TIDAK ADA NIK KTP)","(TIDAK ADA NAMA)",0,139,0.0%,"Butuh input manual: kolom terisi ≤50% (tidak di-include di SQL auto)"
2007,"(TIDAK ADA NIK KTP)","(TIDAK ADA NAMA)",0,139,0.0%,"Butuh input manual: kolom terisi ≤50% (tidak di-include di SQL auto)"
2008,"(TIDAK ADA NIK KTP)","(TIDAK ADA NAMA)",0,139,0.0%,"Butuh input manual: kolom terisi ≤50% (tidak di-include di SQL auto)"
2009,"(TIDAK ADA NIK KTP)","(TIDAK ADA NAMA)",0,139,0.0%,"Butuh input manual: kolom terisi ≤50% (tidak di-include di SQL auto)"
2010,"(TIDAK ADA NIK KTP)","(TIDAK ADA NAMA)",0,139,0.0%,"Butuh input manual: kolom terisi ≤50% (tidak di-include di SQL auto)"
2011,"(TIDAK ADA NIK KTP)","(TIDAK ADA NAMA)",0,139,0.0%,"Butuh input manual: kolom terisi ≤50% (tidak di-include di SQL auto)"
2012,"(TIDAK ADA NIK KTP)","(TIDAK ADA NAMA)",0,139,0.0%,"Butuh input manual: kolom terisi ≤50% (tidak di-include di SQL auto)"
2013,"(TIDAK ADA NIK KTP)","(TIDAK ADA NAMA)",0,139,0.0%,"Butuh input manual: kolom terisi ≤50% (tidak di-include di SQL auto)"
2014,"(TIDAK ADA NIK KTP)","(TIDAK ADA NAMA)",0,139,0.0%,"Butuh input manual: kolom terisi ≤50% (tidak di-include di SQL auto)"
2015,"(TIDAK ADA NIK KTP)","(TIDAK ADA NAMA)",0,139,0.0%,"Butuh input manual: kolom terisi ≤50% (tidak di-include di SQL auto)"
2016,"(TIDAK ADA NIK KTP)","(TIDAK ADA NAMA)",0,139,0.0%,"Butuh input manual: kolom terisi ≤50% (tidak di-include di SQL auto)"
2017,"(TIDAK ADA NIK KTP)","(TIDAK ADA NAMA)",0,139,0.0%,"Butuh input manual: kolom terisi ≤50% (tidak di-include di SQL auto)"
2018,"(TIDAK ADA NIK KTP)","(TIDAK ADA NAMA)",0,139,0.0%,"Butuh input manual: kolom terisi ≤50% (tidak di-include di SQL auto)"
2019,"(TIDAK ADA NIK KTP)","(TIDAK ADA NAMA)",0,139,0.0%,"Butuh input manual: kolom terisi ≤50% (tidak di-include di SQL auto)"
2020,"(TIDAK ADA NIK KTP)","(TIDAK ADA NAMA)",0,139,0.0%,"Butuh input manual: kolom terisi ≤50% (tidak di-include di SQL auto)"
2021,"(TIDAK ADA NIK KTP)","(TIDAK ADA NAMA)",0,139,0.0%,"Butuh input manual: kolom terisi ≤50% (tidak di-include di SQL auto)"
2022,"(TIDAK ADA NIK KTP)","(TIDAK ADA NAMA)",0,139,0.0%,"Butuh input manual: kolom terisi ≤50% (tidak di-include di SQL auto)"
2023,"(TIDAK ADA NIK KTP)","(TIDAK ADA NAMA)",0,139,0.0%,"Butuh input manual: kolom terisi ≤50% (tidak di-include di SQL auto)"
2024,"(TIDAK ADA NIK KTP)","(TIDAK ADA NAMA)",0,139,0.0%,"Butuh input manual: kolom terisi ≤50% (tidak di-include di SQL auto)"
2025,"(TIDAK ADA NIK KTP)","(TIDAK ADA NAMA)",0,139,0.0%,"Butuh input manual: kolom terisi ≤50% (tidak di-include di SQL auto)"
2026,"(TIDAK ADA NIK KTP)","(TIDAK ADA NAMA)",0,139,0.0%,"Butuh input manual: kolom terisi ≤50% (tidak di-include di SQL auto)"
2027,"(TIDAK ADA NIK KTP)","(TIDAK ADA NAMA)",0,139,0.0%,"Butuh input manual: kolom terisi ≤50% (tidak di-include di SQL auto)"
2028,"(TIDAK ADA NIK KTP)","(TIDAK ADA NAMA)",0,139,0.0%,"Butuh input manual: kolom terisi ≤50% (tidak di-include di SQL auto)"
2029,"(TIDAK ADA NIK KTP)","(TIDAK ADA NAMA)",0,139,0.0%,"Butuh input manual: kolom terisi ≤50% (tidak di-include di SQL auto)"
2030,"(TIDAK ADA NIK KTP)","(TIDAK ADA NAMA)",0,139,0.0%,"Butuh input manual: kolom terisi ≤50% (tidak di-include di SQL auto)"
2031,"(TIDAK ADA NIK KTP)","(TIDAK ADA NAMA)",0,139,0.0%,"Butuh input manual: kolom terisi ≤50% (tidak di-include di SQL auto)"
2032,"(TIDAK ADA NIK KTP)","(TIDAK ADA NAMA)",0,139,0.0%,"Butuh input manual: kolom terisi ≤50% (tidak di-include di SQL auto)"
2033,"(TIDAK ADA NIK KTP)","(TIDAK ADA NAMA)",0,139,0.0%,"Butuh input manual: kolom terisi ≤50% (tidak di-include di SQL auto)"
2034,"(TIDAK ADA NIK KTP)","(TIDAK ADA NAMA)",0,139,0.0%,"Butuh input manual: kolom terisi ≤50% (tidak di-include di SQL auto)"
2035,"(TIDAK ADA NIK KTP)","(TIDAK ADA NAMA)",0,139,0.0%,"Butuh input manual: kolom terisi ≤50% (tidak di-include di SQL auto)"
2036,"(TIDAK ADA NIK KTP)","(TIDAK ADA NAMA)",0,139,0.0%,"Butuh input manual: kolom terisi ≤50% (tidak di-include di SQL auto)"
2037,"(TIDAK ADA NIK KTP)","(TIDAK ADA NAMA)",0,139,0.0%,"Butuh input manual: kolom terisi ≤50% (tidak di-include di SQL auto)"
2038,"(TIDAK ADA NIK KTP)","(TIDAK ADA NAMA)",0,139,0.0%,"Butuh input manual: kolom terisi ≤50% (tidak di-include di SQL auto)"
2039,"(TIDAK ADA NIK KTP)","(TIDAK ADA NAMA)",0,139,0.0%,"Butuh input manual: kolom terisi ≤50% (tidak di-include di SQL auto)"
2040,"(TIDAK ADA NIK KTP)","(TIDAK ADA NAMA)",0,139,0.0%,"Butuh input manual: kolom terisi ≤50% (tidak di-include di SQL auto)"
2041,"(TIDAK ADA NIK KTP)","(TIDAK ADA NAMA)",0,139,0.0%,"Butuh input manual: kolom terisi ≤50% (tidak di-include di SQL auto)"
2042,"(TIDAK ADA NIK KTP)","(TIDAK ADA NAMA)",0,139,0.0%,"Butuh input manual: kolom terisi ≤50% (tidak di-include di SQL auto)"
2043,"(TIDAK ADA NIK KTP)","(TIDAK ADA NAMA)",0,139,0.0%,"Butuh input manual: kolom terisi ≤50% (tidak di-include di SQL auto)"
2044,"(TIDAK ADA NIK KTP)","(TIDAK ADA NAMA)",0,139,0.0%,"Butuh input manual: kolom terisi ≤50% (tidak di-include di SQL auto)"
2045,"(TIDAK ADA NIK KTP)","(TIDAK ADA NAMA)",0,139,0.0%,"Butuh input manual: kolom terisi ≤50% (tidak di-include di SQL auto)"
2046,"(TIDAK ADA NIK KTP)","(TIDAK ADA NAMA)",0,139,0.0%,"Butuh input manual: kolom terisi ≤50% (tidak di-include di SQL auto)"
2047,"(TIDAK ADA NIK KTP)","(TIDAK ADA NAMA)",0,139,0.0%,"Butuh input manual: kolom terisi ≤50% (tidak di-include di SQL auto)"
2048,"(TIDAK ADA NIK KTP)","(TIDAK ADA NAMA)",0,139,0.0%,"Butuh input manual: kolom terisi ≤50% (tidak di-include di SQL auto)"
2049,"(TIDAK ADA NIK KTP)","(TIDAK ADA NAMA)",0,139,0.0%,"Butuh input manual: kolom terisi ≤50% (tidak di-include di SQL auto)"
2050,"(TIDAK ADA NIK KTP)","(TIDAK ADA NAMA)",0,139,0.0%,"Butuh input manual: kolom terisi ≤50% (tidak di-include di SQL auto)"
2051,"(TIDAK ADA NIK KTP)","(TIDAK ADA NAMA)",0,139,0.0%,"Butuh input manual: kolom terisi ≤50% (tidak di-include di SQL auto)"
2052,"(TIDAK ADA NIK KTP)","(TIDAK ADA NAMA)",0,139,0.0%,"Butuh input manual: kolom terisi ≤50% (tidak di-include di SQL auto)"
2053,"(TIDAK ADA NIK KTP)","(TIDAK ADA NAMA)",0,139,0.0%,"Butuh input manual: kolom terisi ≤50% (tidak di-include di SQL auto)"
2054,"(TIDAK ADA NIK KTP)","(TIDAK ADA NAMA)",0,139,0.0%,"Butuh input manual: kolom terisi ≤50% (tidak di-include di SQL auto)"
2055,"(TIDAK ADA NIK KTP)","(TIDAK ADA NAMA)",0,139,0.0%,"Butuh input manual: kolom terisi ≤50% (tidak di-include di SQL auto)"
2056,"(TIDAK ADA NIK KTP)","(TIDAK ADA NAMA)",0,139,0.0%,"Butuh input manual: kolom terisi ≤50% (tidak di-include di SQL auto)"
2057,"(TIDAK ADA NIK KTP)","(TIDAK ADA NAMA)",0,139,0.0%,"Butuh input manual: kolom terisi ≤50% (tidak di-include di SQL auto)"
2058,"(TIDAK ADA NIK KTP)","(TIDAK ADA NAMA)",0,139,0.0%,"Butuh input manual: kolom terisi ≤50% (tidak di-include di SQL auto)"
2059,"(TIDAK ADA NIK KTP)","(TIDAK ADA NAMA)",0,139,0.0%,"Butuh input manual: kolom terisi ≤50% (tidak di-include di SQL auto)"
2060,"(TIDAK ADA NIK KTP)","(TIDAK ADA NAMA)",0,139,0.0%,"Butuh input manual: kolom terisi ≤50% (tidak di-include di SQL auto)"
2061,"(TIDAK ADA NIK KTP)","(TIDAK ADA NAMA)",0,139,0.0%,"Butuh input manual: kolom terisi ≤50% (tidak di-include di SQL auto)"
2062,"(TIDAK ADA NIK KTP)","(TIDAK ADA NAMA)",0,139,0.0%,"Butuh input manual: kolom terisi ≤50% (tidak di-include di SQL auto)"
2063,"(TIDAK ADA NIK KTP)","(TIDAK ADA NAMA)",0,139,0.0%,"Butuh input manual: kolom terisi ≤50% (tidak di-include di SQL auto)"
2064,"(TIDAK ADA NIK KTP)","(TIDAK ADA NAMA)",0,139,0.0%,"Butuh input manual: kolom terisi ≤50% (tidak di-include di SQL auto)"
2065,"(TIDAK ADA NIK KTP)","(TIDAK ADA NAMA)",0,139,0.0%,"Butuh input manual: kolom terisi ≤50% (tidak di-include di SQL auto)"
2066,"(TIDAK ADA NIK KTP)","(TIDAK ADA NAMA)",0,139,0.0%,"Butuh input manual: kolom terisi ≤50% (tidak di-include di SQL auto)"
2067,"(TIDAK ADA NIK KTP)","(TIDAK ADA NAMA)",0,139,0.0%,"Butuh input manual: kolom terisi ≤50% (tidak di-include di SQL auto)"
2068,"(TIDAK ADA NIK KTP)","(TIDAK ADA NAMA)",0,139,0.0%,"Butuh input manual: kolom terisi ≤50% (tidak di-include di SQL auto)"
2069,"(TIDAK ADA NIK KTP)","(TIDAK ADA NAMA)",0,139,0.0%,"Butuh input manual: kolom terisi ≤50% (tidak di-include di SQL auto)"
2070,"(TIDAK ADA NIK KTP)","(TIDAK ADA NAMA)",0,139,0.0%,"Butuh input manual: kolom terisi ≤50% (tidak di-include di SQL auto)"
2071,"(TIDAK ADA NIK KTP)","(TIDAK ADA NAMA)",0,139,0.0%,"Butuh input manual: kolom terisi ≤50% (tidak di-include di SQL auto)"
2072,"(TIDAK ADA NIK KTP)","(TIDAK ADA NAMA)",0,139,0.0%,"Butuh input manual: kolom terisi ≤50% (tidak di-include di SQL auto)"
2073,"(TIDAK ADA NIK KTP)","(TIDAK ADA NAMA)",0,139,0.0%,"Butuh input manual: kolom terisi ≤50% (tidak di-include di SQL auto)"
2074,"(TIDAK ADA NIK KTP)","(TIDAK ADA NAMA)",0,139,0.0%,"Butuh input manual: kolom terisi ≤50% (tidak di-include di SQL auto)"
2075,"(TIDAK ADA NIK KTP)","(TIDAK ADA NAMA)",0,139,0.0%,"Butuh input manual: kolom terisi ≤50% (tidak di-include di SQL auto)"
2076,"(TIDAK ADA NIK KTP)","(TIDAK ADA NAMA)",0,139,0.0%,"Butuh input manual: kolom terisi ≤50% (tidak di-include di SQL auto)"
2077,"(TIDAK ADA NIK KTP)","(TIDAK ADA NAMA)",0,139,0.0%,"Butuh input manual: kolom terisi ≤50% (tidak di-include di SQL auto)"
2078,"(TIDAK ADA NIK KTP)","(TIDAK ADA NAMA)",0,139,0.0%,"Butuh input manual: kolom terisi ≤50% (tidak di-include di SQL auto)"
2079,"(TIDAK ADA NIK KTP)","(TIDAK ADA NAMA)",0,139,0.0%,"Butuh input manual: kolom terisi ≤50% (tidak di-include di SQL auto)"
2080,"(TIDAK ADA NIK KTP)","(TIDAK ADA NAMA)",0,139,0.0%,"Butuh input manual: kolom terisi ≤50% (tidak di-include di SQL auto)"
2081,"(TIDAK ADA NIK KTP)","(TIDAK ADA NAMA)",0,139,0.0%,"Butuh input manual: kolom terisi ≤50% (tidak di-include di SQL auto)"
2082,"(TIDAK ADA NIK KTP)","(TIDAK ADA NAMA)",0,139,0.0%,"Butuh input manual: kolom terisi ≤50% (tidak di-include di SQL auto)"
2083,"(TIDAK ADA NIK KTP)","(TIDAK ADA NAMA)",0,139,0.0%,"Butuh input manual: kolom terisi ≤50% (tidak di-include di SQL auto)"
2084,"(TIDAK ADA NIK KTP)","(TIDAK ADA NAMA)",0,139,0.0%,"Butuh input manual: kolom terisi ≤50% (tidak di-include di SQL auto)"
2085,"(TIDAK ADA NIK KTP)","(TIDAK ADA NAMA)",0,139,0.0%,"Butuh input manual: kolom terisi ≤50% (tidak di-include di SQL auto)"
2086,"(TIDAK ADA NIK KTP)","(TIDAK ADA NAMA)",0,139,0.0%,"Butuh input manual: kolom terisi ≤50% (tidak di-include di SQL auto)"
2087,"(TIDAK ADA NIK KTP)","(TIDAK ADA NAMA)",0,139,0.0%,"Butuh input manual: kolom terisi ≤50% (tidak di-include di SQL auto)"
2088,"(TIDAK ADA NIK KTP)","(TIDAK ADA NAMA)",0,139,0.0%,"Butuh input manual: kolom terisi ≤50% (tidak di-include di SQL auto)"
2089,"(TIDAK ADA NIK KTP)","(TIDAK ADA NAMA)",0,139,0.0%,"Butuh input manual: kolom terisi ≤50% (tidak di-include di SQL auto)"
2090,"(TIDAK ADA NIK KTP)","(TIDAK ADA NAMA)",0,139,0.0%,"Butuh input manual: kolom terisi ≤50% (tidak di-include di SQL auto)"
2091,"(TIDAK ADA NIK KTP)","(TIDAK ADA NAMA)",0,139,0.0%,"Butuh input manual: kolom terisi ≤50% (tidak di-include di SQL auto)"
2092,"(TIDAK ADA NIK KTP)","(TIDAK ADA NAMA)",0,139,0.0%,"Butuh input manual: kolom terisi ≤50% (tidak di-include di SQL auto)"
2093,"(TIDAK ADA NIK KTP)","(TIDAK ADA NAMA)",0,139,0.0%,"Butuh input manual: kolom terisi ≤50% (tidak di-include di SQL auto)"
2094,"(TIDAK ADA NIK KTP)","(TIDAK ADA NAMA)",0,139,0.0%,"Butuh input manual: kolom terisi ≤50% (tidak di-include di SQL auto)"
2095,"(TIDAK ADA NIK KTP)","(TIDAK ADA NAMA)",0,139,0.0%,"Butuh input manual: kolom terisi ≤50% (tidak di-include di SQL auto)"
2096,"(TIDAK ADA NIK KTP)","(TIDAK ADA NAMA)",0,139,0.0%,"Butuh input manual: kolom terisi ≤50% (tidak di-include di SQL auto)"
2097,"(TIDAK ADA NIK KTP)","(TIDAK ADA NAMA)",0,139,0.0%,"Butuh input manual: kolom terisi ≤50% (tidak di-include di SQL auto)"
2098,"(TIDAK ADA NIK KTP)","(TIDAK ADA NAMA)",0,139,0.0%,"Butuh input manual: kolom terisi ≤50% (tidak di-include di SQL auto)"
2099,"(TIDAK ADA NIK KTP)","(TIDAK ADA NAMA)",0,139,0.0%,"Butuh input manual: kolom terisi ≤50% (tidak di-include di SQL auto)"
2100,"(TIDAK ADA NIK KTP)","(TIDAK ADA NAMA)",0,139,0.0%,"Butuh input manual: kolom terisi ≤50% (tidak di-include di SQL auto)"
2101,"(TIDAK ADA NIK KTP)","(TIDAK ADA NAMA)",0,139,0.0%,"Butuh input manual: kolom terisi ≤50% (tidak di-include di SQL auto)"
2102,"(TIDAK ADA NIK KTP)","(TIDAK ADA NAMA)",0,139,0.0%,"Butuh input manual: kolom terisi ≤50% (tidak di-include di SQL auto)"
2103,"(TIDAK ADA NIK KTP)","(TIDAK ADA NAMA)",0,139,0.0%,"Butuh input manual: kolom terisi ≤50% (tidak di-include di SQL auto)"
2104,"(TIDAK ADA NIK KTP)","(TIDAK ADA NAMA)",0,139,0.0%,"Butuh input manual: kolom terisi ≤50% (tidak di-include di SQL auto)"
2105,"(TIDAK ADA NIK KTP)","(TIDAK ADA NAMA)",0,139,0.0%,"Butuh input manual: kolom terisi ≤50% (tidak di-include di SQL auto)"
2106,"(TIDAK ADA NIK KTP)","(TIDAK ADA NAMA)",0,139,0.0%,"Butuh input manual: kolom terisi ≤50% (tidak di-include di SQL auto)"
2107,"(TIDAK ADA NIK KTP)","(TIDAK ADA NAMA)",0,139,0.0%,"Butuh input manual: kolom terisi ≤50% (tidak di-include di SQL auto)"
2108,"(TIDAK ADA NIK KTP)","(TIDAK ADA NAMA)",0,139,0.0%,"Butuh input manual: kolom terisi ≤50% (tidak di-include di SQL auto)"
2109,"(TIDAK ADA NIK KTP)","(TIDAK ADA NAMA)",0,139,0.0%,"Butuh input manual: kolom terisi ≤50% (tidak di-include di SQL auto)"
2110,"(TIDAK ADA NIK KTP)","(TIDAK ADA NAMA)",0,139,0.0%,"Butuh input manual: kolom terisi ≤50% (tidak di-include di SQL auto)"
2111,"(TIDAK ADA NIK KTP)","(TIDAK ADA NAMA)",0,139,0.0%,"Butuh input manual: kolom terisi ≤50% (tidak di-include di SQL auto)"
2112,"(TIDAK ADA NIK KTP)","(TIDAK ADA NAMA)",0,139,0.0%,"Butuh input manual: kolom terisi ≤50% (tidak di-include di SQL auto)"
2113,"(TIDAK ADA NIK KTP)","(TIDAK ADA NAMA)",0,139,0.0%,"Butuh input manual: kolom terisi ≤50% (tidak di-include di SQL auto)"
2114,"(TIDAK ADA NIK KTP)","(TIDAK ADA NAMA)",0,139,0.0%,"Butuh input manual: kolom terisi ≤50% (tidak di-include di SQL auto)"
2115,"(TIDAK ADA NIK KTP)","(TIDAK ADA NAMA)",0,139,0.0%,"Butuh input manual: kolom terisi ≤50% (tidak di-include di SQL auto)"
2116,"(TIDAK ADA NIK KTP)","(TIDAK ADA NAMA)",0,139,0.0%,"Butuh input manual: kolom terisi ≤50% (tidak di-include di SQL auto)"
2117,"(TIDAK ADA NIK KTP)","(TIDAK ADA NAMA)",0,139,0.0%,"Butuh input manual: kolom terisi ≤50% (tidak di-include di SQL auto)"
2118,"(TIDAK ADA NIK KTP)","(TIDAK ADA NAMA)",0,139,0.0%,"Butuh input manual: kolom terisi ≤50% (tidak di-include di SQL auto)"
2119,"(TIDAK ADA NIK KTP)","(TIDAK ADA NAMA)",0,139,0.0%,"Butuh input manual: kolom terisi ≤50% (tidak di-include di SQL auto)"
2120,"(TIDAK ADA NIK KTP)","(TIDAK ADA NAMA)",0,139,0.0%,"Butuh input manual: kolom terisi ≤50% (tidak di-include di SQL auto)"
2121,"(TIDAK ADA NIK KTP)","(TIDAK ADA NAMA)",0,139,0.0%,"Butuh input manual: kolom terisi ≤50% (tidak di-include di SQL auto)"
2122,"(TIDAK ADA NIK KTP)","(TIDAK ADA NAMA)",0,139,0.0%,"Butuh input manual: kolom terisi ≤50% (tidak di-include di SQL auto)"
2123,"(TIDAK ADA NIK KTP)","(TIDAK ADA NAMA)",0,139,0.0%,"Butuh input manual: kolom terisi ≤50% (tidak di-include di SQL auto)"
2124,"(TIDAK ADA NIK KTP)","(TIDAK ADA NAMA)",0,139,0.0%,"Butuh input manual: kolom terisi ≤50% (tidak di-include di SQL auto)"
2125,"(TIDAK ADA NIK KTP)","(TIDAK ADA NAMA)",0,139,0.0%,"Butuh input manual: kolom terisi ≤50% (tidak di-include di SQL auto)"
2126,"(TIDAK ADA NIK KTP)","(TIDAK ADA NAMA)",0,139,0.0%,"Butuh input manual: kolom terisi ≤50% (tidak di-include di SQL auto)"
2127,"(TIDAK ADA NIK KTP)","(TIDAK ADA NAMA)",0,139,0.0%,"Butuh input manual: kolom terisi ≤50% (tidak di-include di SQL auto)"
2128,"(TIDAK ADA NIK KTP)","(TIDAK ADA NAMA)",0,139,0.0%,"Butuh input manual: kolom terisi ≤50% (tidak di-include di SQL auto)"
2129,"(TIDAK ADA NIK KTP)","(TIDAK ADA NAMA)",0,139,0.0%,"Butuh input manual: kolom terisi ≤50% (tidak di-include di SQL auto)"
2130,"(TIDAK ADA NIK KTP)","(TIDAK ADA NAMA)",0,139,0.0%,"Butuh input manual: kolom terisi ≤50% (tidak di-include di SQL auto)"
2131,"(TIDAK ADA NIK KTP)","(TIDAK ADA NAMA)",0,139,0.0%,"Butuh input manual: kolom terisi ≤50% (tidak di-include di SQL auto)"
2132,"(TIDAK ADA NIK KTP)","(TIDAK ADA NAMA)",0,139,0.0%,"Butuh input manual: kolom terisi ≤50% (tidak di-include di SQL auto)"
2133,"(TIDAK ADA NIK KTP)","(TIDAK ADA NAMA)",0,139,0.0%,"Butuh input manual: kolom terisi ≤50% (tidak di-include di SQL auto)"
2134,"(TIDAK ADA NIK KTP)","(TIDAK ADA NAMA)",0,139,0.0%,"Butuh input manual: kolom terisi ≤50% (tidak di-include di SQL auto)"
2135,"(TIDAK ADA NIK KTP)","(TIDAK ADA NAMA)",0,139,0.0%,"Butuh input manual: kolom terisi ≤50% (tidak di-include di SQL auto)"
2136,"(TIDAK ADA NIK KTP)","(TIDAK ADA NAMA)",0,139,0.0%,"Butuh input manual: kolom terisi ≤50% (tidak di-include di SQL auto)"
2137,"(TIDAK ADA NIK KTP)","(TIDAK ADA NAMA)",0,139,0.0%,"Butuh input manual: kolom terisi ≤50% (tidak di-include di SQL auto)"
2138,"(TIDAK ADA NIK KTP)","(TIDAK ADA NAMA)",0,139,0.0%,"Butuh input manual: kolom terisi ≤50% (tidak di-include di SQL auto)"
2139,"(TIDAK ADA NIK KTP)","(TIDAK ADA NAMA)",0,139,0.0%,"Butuh input manual: kolom terisi ≤50% (tidak di-include di SQL auto)"
2140,"(TIDAK ADA NIK KTP)","(TIDAK ADA NAMA)",0,139,0.0%,"Butuh input manual: kolom terisi ≤50% (tidak di-include di SQL auto)"
2141,"(TIDAK ADA NIK KTP)","(TIDAK ADA NAMA)",0,139,0.0%,"Butuh input manual: kolom terisi ≤50% (tidak di-include di SQL auto)"
2142,"(TIDAK ADA NIK KTP)","(TIDAK ADA NAMA)",0,139,0.0%,"Butuh input manual: kolom terisi ≤50% (tidak di-include di SQL auto)"
2143,"(TIDAK ADA NIK KTP)","(TIDAK ADA NAMA)",0,139,0.0%,"Butuh input manual: kolom terisi ≤50% (tidak di-include di SQL auto)"
2144,"(TIDAK ADA NIK KTP)","(TIDAK ADA NAMA)",0,139,0.0%,"Butuh input manual: kolom terisi ≤50% (tidak di-include di SQL auto)"
2145,"(TIDAK ADA NIK KTP)","(TIDAK ADA NAMA)",0,139,0.0%,"Butuh input manual: kolom terisi ≤50% (tidak di-include di SQL auto)"
2146,"(TIDAK ADA NIK KTP)","(TIDAK ADA NAMA)",0,139,0.0%,"Butuh input manual: kolom terisi ≤50% (tidak di-include di SQL auto)"
2147,"(TIDAK ADA NIK KTP)","(TIDAK ADA NAMA)",0,139,0.0%,"Butuh input manual: kolom terisi ≤50% (tidak di-include di SQL auto)"
2148,"(TIDAK ADA NIK KTP)","(TIDAK ADA NAMA)",0,139,0.0%,"Butuh input manual: kolom terisi ≤50% (tidak di-include di SQL auto)"
2149,"(TIDAK ADA NIK KTP)","(TIDAK ADA NAMA)",0,139,0.0%,"Butuh input manual: kolom terisi ≤50% (tidak di-include di SQL auto)"
2150,"(TIDAK ADA NIK KTP)","(TIDAK ADA NAMA)",0,139,0.0%,"Butuh input manual: kolom terisi ≤50% (tidak di-include di SQL auto)"
2151,"(TIDAK ADA NIK KTP)","(TIDAK ADA NAMA)",0,139,0.0%,"Butuh input manual: kolom terisi ≤50% (tidak di-include di SQL auto)"
2152,"(TIDAK ADA NIK KTP)","(TIDAK ADA NAMA)",0,139,0.0%,"Butuh input manual: kolom terisi ≤50% (tidak di-include di SQL auto)"
2153,"(TIDAK ADA NIK KTP)","(TIDAK ADA NAMA)",0,139,0.0%,"Butuh input manual: kolom terisi ≤50% (tidak di-include di SQL auto)"
2154,"(TIDAK ADA NIK KTP)","(TIDAK ADA NAMA)",0,139,0.0%,"Butuh input manual: kolom terisi ≤50% (tidak di-include di SQL auto)"
2155,"(TIDAK ADA NIK KTP)","(TIDAK ADA NAMA)",0,139,0.0%,"Butuh input manual: kolom terisi ≤50% (tidak di-include di SQL auto)"
2156,"(TIDAK ADA NIK KTP)","(TIDAK ADA NAMA)",0,139,0.0%,"Butuh input manual: kolom terisi ≤50% (tidak di-include di SQL auto)"
2157,"(TIDAK ADA NIK KTP)","(TIDAK ADA NAMA)",0,139,0.0%,"Butuh input manual: kolom terisi ≤50% (tidak di-include di SQL auto)"
2158,"(TIDAK ADA NIK KTP)","(TIDAK ADA NAMA)",0,139,0.0%,"Butuh input manual: kolom terisi ≤50% (tidak di-include di SQL auto)"
2159,"(TIDAK ADA NIK KTP)","(TIDAK ADA NAMA)",0,139,0.0%,"Butuh input manual: kolom terisi ≤50% (tidak di-include di SQL auto)"
